Date,Store,Product,Units Sold,Unit Price,Total Revenue,Region
30-12-2022,Store C,Shampoo,39,5.99,233.61,Midwest
15-08-2023,Store C,Notebook,140,3.49,488.6,Midwest
29-07-2024,Store B,Shampoo,29,5.99,173.71,West
26-12-2024,Store B,T-Shirt,11,15.99,175.89,West
10-06-2024,Store C,Toothpaste,61,2.49,151.89,Midwest
12-02-2024,Store B,Jeans,72,39.99,2879.28,West
24-08-2021,Store C,Bread,174,1.99,346.26,Midwest
30-03-2024,Store A,Notebook,148,3.49,516.52,North
05-04-2024,Store A,Bread,155,1.99,308.45,North
11-12-2024,Store A,Jeans,164,39.99,6558.36,North
13-11-2024,Store A,Notebook,23,3.49,80.27,North
27-05-2021,Store D,Shampoo,116,5.99,694.84,South
29-07-2024,Store B,T-Shirt,15,15.99,239.85,West
23-11-2023,Store B,Bread,127,1.99,252.73,West
01-12-2021,Store A,Shampoo,197,5.99,1180.03,North
12-07-2022,Store D,Milk,103,2.29,235.87,South
24-02-2024,Store C,Shampoo,69,5.99,413.31,Midwest
01-08-2022,Store C,Notebook,79,3.49,275.71,Midwest
12-11-2021,Store A,Toothpaste,191,2.49,475.59,North
22-04-2021,Store B,Toothpaste,158,2.49,393.42,West
30-11-2021,Store C,Notebook,37,3.49,129.13,Midwest
08-05-2021,Store B,Notebook,112,3.49,390.88,West
16-05-2023,Store C,Toothpaste,92,2.49,229.08,Midwest
21-06-2022,Store A,Milk,41,2.29,93.89,North
10-12-2021,Store A,Shampoo,124,5.99,742.76,North
28-12-2024,Store A,Toothpaste,59,2.49,146.91,North
05-03-2023,Store B,T-Shirt,190,15.99,3038.1,West
18-05-2021,Store C,Bread,199,1.99,396.01,Midwest
13-03-2024,Store D,Milk,107,2.29,245.03,South
27-10-2021,Store D,Toothpaste,183,2.49,455.67,South
25-04-2024,Store D,Jeans,89,39.99,3559.11,South
05-07-2021,Store A,Jeans,49,39.99,1959.51,North
02-11-2022,Store B,Milk,159,2.29,364.11,West
21-12-2021,Store B,T-Shirt,138,15.99,2206.62,West
20-12-2022,Store C,Toothpaste,164,2.49,408.36,Midwest
25-01-2023,Store A,Jeans,66,39.99,2639.34,North
16-03-2021,Store D,Notebook,97,3.49,338.53,South
04-06-2021,Store C,Shampoo,11,5.99,65.89,Midwest
17-03-2024,Store C,Bread,70,1.99,139.3,Midwest
24-07-2022,Store D,Notebook,192,3.49,670.08,South
06-08-2021,Store B,Bread,143,1.99,284.57,West
29-02-2024,Store A,Shampoo,197,5.99,1180.03,North
18-04-2022,Store C,Notebook,146,3.49,509.54,Midwest
14-01-2024,Store B,T-Shirt,50,15.99,799.5,West
17-02-2023,Store A,Shampoo,114,5.99,682.86,North
04-03-2023,Store B,T-Shirt,120,15.99,1918.8,West
04-06-2023,Store D,T-Shirt,90,15.99,1439.1,South
05-09-2024,Store A,T-Shirt,138,15.99,2206.62,North
04-04-2022,Store A,Toothpaste,135,2.49,336.15,North
04-09-2024,Store B,Bread,19,1.99,37.81,West
22-08-2021,Store D,Bread,60,1.99,119.4,South
28-04-2023,Store B,Toothpaste,82,2.49,204.18,West
09-11-2024,Store A,Toothpaste,39,2.49,97.11,North
21-05-2023,Store C,T-Shirt,54,15.99,863.46,Midwest
27-08-2023,Store B,Milk,26,2.29,59.54,West
24-07-2024,Store C,T-Shirt,86,15.99,1375.14,Midwest
01-03-2023,Store D,Notebook,101,3.49,352.49,South
01-07-2021,Store B,Toothpaste,194,2.49,483.06,West
06-05-2022,Store D,Toothpaste,157,2.49,390.93,South
07-08-2023,Store C,Bread,108,1.99,214.92,Midwest
30-04-2022,Store D,Milk,81,2.29,185.49,South
06-10-2024,Store B,Toothpaste,52,2.49,129.48,West
27-01-2021,Store B,Bread,177,1.99,352.23,West
05-09-2021,Store D,Jeans,56,39.99,2239.44,South
12-04-2021,Store A,Bread,157,1.99,312.43,North
01-01-2023,Store C,Bread,12,1.99,23.88,Midwest
27-10-2023,Store B,T-Shirt,188,15.99,3006.12,West
01-07-2023,Store A,Notebook,182,3.49,635.18,North
30-07-2022,Store A,Shampoo,69,5.99,413.31,North
28-06-2023,Store A,T-Shirt,61,15.99,975.39,North
22-03-2024,Store D,Bread,142,1.99,282.58,South
25-11-2023,Store D,Jeans,94,39.99,3759.06,South
10-06-2024,Store A,Notebook,56,3.49,195.44,North
09-12-2021,Store A,Milk,84,2.29,192.36,North
18-03-2024,Store D,Notebook,65,3.49,226.85,South
23-05-2022,Store D,T-Shirt,69,15.99,1103.31,South
31-08-2023,Store D,T-Shirt,195,15.99,3118.05,South
10-10-2021,Store C,Toothpaste,32,2.49,79.68,Midwest
01-10-2021,Store B,Jeans,90,39.99,3599.1,West
12-08-2021,Store B,Toothpaste,74,2.49,184.26,West
02-09-2023,Store C,Toothpaste,75,2.49,186.75,Midwest
15-05-2024,Store C,Shampoo,108,5.99,646.92,Midwest
22-02-2023,Store A,Toothpaste,34,2.49,84.66,North
15-04-2023,Store B,Toothpaste,136,2.49,338.64,West
10-09-2022,Store B,Shampoo,53,5.99,317.47,West
11-01-2024,Store C,T-Shirt,106,15.99,1694.94,Midwest
25-09-2023,Store B,Bread,98,1.99,195.02,West
27-12-2024,Store B,Toothpaste,69,2.49,171.81,West
21-05-2024,Store D,Shampoo,59,5.99,353.41,South
09-01-2022,Store C,Bread,38,1.99,75.62,Midwest
29-08-2023,Store A,T-Shirt,195,15.99,3118.05,North
24-02-2024,Store D,Toothpaste,125,2.49,311.25,South
30-06-2022,Store B,T-Shirt,37,15.99,591.63,West
27-02-2022,Store B,Bread,100,1.99,199,West
05-03-2022,Store B,Bread,84,1.99,167.16,West
25-12-2023,Store D,Jeans,53,39.99,2119.47,South
30-08-2021,Store B,Jeans,106,39.99,4238.94,West
13-03-2023,Store D,Notebook,17,3.49,59.33,South
12-12-2022,Store C,Notebook,175,3.49,610.75,Midwest
11-06-2023,Store C,Toothpaste,115,2.49,286.35,Midwest
10-08-2024,Store C,Toothpaste,188,2.49,468.12,Midwest
08-10-2021,Store C,Milk,111,2.29,254.19,Midwest
29-03-2024,Store B,Bread,96,1.99,191.04,West
16-09-2022,Store D,Bread,93,1.99,185.07,South
26-11-2024,Store A,Milk,132,2.29,302.28,North
29-01-2023,Store A,Bread,111,1.99,220.89,North
20-02-2023,Store C,Bread,113,1.99,224.87,Midwest
16-02-2022,Store A,Notebook,182,3.49,635.18,North
15-06-2021,Store C,Jeans,174,39.99,6958.26,Midwest
20-08-2023,Store B,Shampoo,173,5.99,1036.27,West
27-01-2024,Store C,Toothpaste,93,2.49,231.57,Midwest
17-04-2023,Store C,Milk,101,2.29,231.29,Midwest
01-06-2021,Store A,Notebook,141,3.49,492.09,North
11-11-2021,Store D,Bread,149,1.99,296.51,South
28-11-2022,Store A,Jeans,22,39.99,879.78,North
01-05-2024,Store B,Toothpaste,37,2.49,92.13,West
29-06-2024,Store D,Toothpaste,89,2.49,221.61,South
22-07-2023,Store C,Milk,121,2.29,277.09,Midwest
30-06-2023,Store D,Toothpaste,194,2.49,483.06,South
13-03-2023,Store D,Milk,43,2.29,98.47,South
25-10-2024,Store A,Shampoo,198,5.99,1186.02,North
25-06-2021,Store D,Bread,188,1.99,374.12,South
27-03-2022,Store C,Bread,157,1.99,312.43,Midwest
16-12-2021,Store D,T-Shirt,42,15.99,671.58,South
21-06-2024,Store B,Milk,154,2.29,352.66,West
12-03-2022,Store D,Toothpaste,84,2.49,209.16,South
15-05-2021,Store C,Toothpaste,152,2.49,378.48,Midwest
04-08-2021,Store B,T-Shirt,133,15.99,2126.67,West
20-05-2023,Store A,Toothpaste,13,2.49,32.37,North
01-10-2021,Store D,Milk,152,2.29,348.08,South
03-07-2021,Store C,Milk,15,2.29,34.35,Midwest
26-09-2022,Store B,Notebook,97,3.49,338.53,West
23-10-2024,Store B,Notebook,118,3.49,411.82,West
03-01-2022,Store B,T-Shirt,19,15.99,303.81,West
22-11-2024,Store D,Notebook,34,3.49,118.66,South
14-07-2024,Store A,Toothpaste,169,2.49,420.81,North
18-07-2021,Store B,Milk,170,2.29,389.3,West
10-03-2023,Store D,T-Shirt,142,15.99,2270.58,South
28-12-2024,Store A,Jeans,80,39.99,3199.2,North
23-05-2021,Store D,Toothpaste,64,2.49,159.36,South
24-07-2023,Store C,Shampoo,87,5.99,521.13,Midwest
10-10-2023,Store D,Shampoo,12,5.99,71.88,South
18-11-2024,Store D,Shampoo,96,5.99,575.04,South
28-02-2021,Store B,Milk,70,2.29,160.3,West
13-10-2024,Store D,T-Shirt,146,15.99,2334.54,South
07-01-2021,Store D,Jeans,148,39.99,5918.52,South
27-01-2024,Store C,Bread,71,1.99,141.29,Midwest
25-08-2022,Store A,Notebook,188,3.49,656.12,North
22-07-2023,Store D,Jeans,79,39.99,3159.21,South
29-11-2023,Store A,Toothpaste,165,2.49,410.85,North
11-06-2021,Store D,T-Shirt,186,15.99,2974.14,South
12-06-2024,Store A,Notebook,51,3.49,177.99,North
06-04-2024,Store B,T-Shirt,166,15.99,2654.34,West
27-02-2023,Store B,Notebook,70,3.49,244.3,West
29-04-2024,Store A,Shampoo,60,5.99,359.4,North
23-07-2023,Store D,Shampoo,153,5.99,916.47,South
31-05-2024,Store A,Milk,152,2.29,348.08,North
09-07-2022,Store C,Bread,187,1.99,372.13,Midwest
28-10-2023,Store C,T-Shirt,21,15.99,335.79,Midwest
07-10-2023,Store D,Notebook,19,3.49,66.31,South
25-05-2021,Store A,Toothpaste,143,2.49,356.07,North
16-11-2022,Store C,Shampoo,67,5.99,401.33,Midwest
03-02-2023,Store A,Toothpaste,128,2.49,318.72,North
13-05-2024,Store C,Bread,34,1.99,67.66,Midwest
19-08-2023,Store C,Shampoo,65,5.99,389.35,Midwest
04-12-2022,Store C,Milk,115,2.29,263.35,Midwest
05-08-2024,Store B,Shampoo,146,5.99,874.54,West
29-04-2024,Store A,Notebook,19,3.49,66.31,North
28-12-2024,Store D,Milk,108,2.29,247.32,South
24-01-2024,Store D,Bread,34,1.99,67.66,South
10-06-2021,Store D,Notebook,151,3.49,526.99,South
24-02-2024,Store A,Notebook,37,3.49,129.13,North
14-11-2022,Store A,Shampoo,42,5.99,251.58,North
09-12-2022,Store D,Shampoo,95,5.99,569.05,South
23-12-2022,Store C,Shampoo,183,5.99,1096.17,Midwest
31-05-2023,Store A,Jeans,99,39.99,3959.01,North
17-12-2023,Store D,Jeans,58,39.99,2319.42,South
20-03-2024,Store A,Notebook,83,3.49,289.67,North
10-09-2022,Store B,Shampoo,19,5.99,113.81,West
07-05-2024,Store B,Toothpaste,64,2.49,159.36,West
10-04-2022,Store A,Bread,132,1.99,262.68,North
15-06-2024,Store A,Shampoo,179,5.99,1072.21,North
18-05-2021,Store D,Notebook,14,3.49,48.86,South
16-10-2023,Store D,Jeans,97,39.99,3879.03,South
18-04-2023,Store B,T-Shirt,174,15.99,2782.26,West
06-06-2021,Store A,Shampoo,188,5.99,1126.12,North
29-04-2021,Store C,Toothpaste,88,2.49,219.12,Midwest
03-07-2022,Store D,Bread,43,1.99,85.57,South
17-04-2021,Store B,Toothpaste,29,2.49,72.21,West
18-08-2024,Store B,Jeans,11,39.99,439.89,West
19-08-2024,Store A,Milk,189,2.29,432.81,North
07-08-2023,Store B,Notebook,198,3.49,691.02,West
11-07-2021,Store C,Milk,139,2.29,318.31,Midwest
23-07-2024,Store A,Milk,96,2.29,219.84,North
12-06-2023,Store B,Shampoo,21,5.99,125.79,West
22-07-2022,Store B,Jeans,197,39.99,7878.03,West
08-11-2021,Store B,Shampoo,182,5.99,1090.18,West
23-02-2023,Store A,Toothpaste,100,2.49,249,North
22-08-2024,Store A,Bread,86,1.99,171.14,North
26-04-2022,Store C,Bread,47,1.99,93.53,Midwest
25-03-2024,Store B,Milk,35,2.29,80.15,West
26-01-2022,Store A,Bread,108,1.99,214.92,North
02-07-2023,Store B,Bread,37,1.99,73.63,West
29-11-2023,Store B,Toothpaste,182,2.49,453.18,West
20-02-2023,Store C,Jeans,94,39.99,3759.06,Midwest
05-07-2021,Store B,Bread,148,1.99,294.52,West
05-11-2024,Store B,Notebook,174,3.49,607.26,West
25-10-2022,Store C,T-Shirt,23,15.99,367.77,Midwest
18-08-2021,Store C,T-Shirt,54,15.99,863.46,Midwest
18-03-2023,Store A,Notebook,25,3.49,87.25,North
17-02-2024,Store B,Jeans,65,39.99,2599.35,West
07-02-2023,Store A,Toothpaste,90,2.49,224.1,North
07-11-2021,Store C,Notebook,129,3.49,450.21,Midwest
21-09-2024,Store A,Milk,87,2.29,199.23,North
11-10-2023,Store B,Bread,91,1.99,181.09,West
09-11-2021,Store C,T-Shirt,200,15.99,3198,Midwest
04-06-2021,Store C,Jeans,180,39.99,7198.2,Midwest
07-05-2023,Store D,Shampoo,77,5.99,461.23,South
29-06-2023,Store A,Notebook,48,3.49,167.52,North
22-07-2024,Store A,Milk,31,2.29,70.99,North
25-05-2021,Store C,Shampoo,195,5.99,1168.05,Midwest
24-07-2022,Store B,Shampoo,38,5.99,227.62,West
06-06-2023,Store B,Bread,133,1.99,264.67,West
01-07-2024,Store C,Notebook,136,3.49,474.64,Midwest
07-06-2024,Store C,Jeans,119,39.99,4758.81,Midwest
02-02-2023,Store A,Jeans,179,39.99,7158.21,North
11-05-2024,Store C,Jeans,12,39.99,479.88,Midwest
11-04-2024,Store A,Bread,130,1.99,258.7,North
18-05-2023,Store B,Shampoo,125,5.99,748.75,West
26-05-2021,Store C,Shampoo,157,5.99,940.43,Midwest
18-10-2023,Store B,Notebook,46,3.49,160.54,West
01-08-2021,Store C,Toothpaste,20,2.49,49.8,Midwest
15-02-2023,Store C,Jeans,189,39.99,7558.11,Midwest
02-06-2024,Store B,Toothpaste,125,2.49,311.25,West
27-08-2023,Store D,Shampoo,119,5.99,712.81,South
16-04-2024,Store A,T-Shirt,184,15.99,2942.16,North
29-08-2024,Store C,Milk,90,2.29,206.1,Midwest
26-09-2024,Store D,Bread,81,1.99,161.19,South
03-07-2023,Store A,Toothpaste,122,2.49,303.78,North
01-07-2024,Store D,Bread,187,1.99,372.13,South
06-01-2024,Store B,Toothpaste,51,2.49,126.99,West
13-11-2024,Store D,Milk,26,2.29,59.54,South
25-12-2024,Store B,Toothpaste,147,2.49,366.03,West
31-05-2023,Store A,T-Shirt,74,15.99,1183.26,North
08-08-2021,Store B,Bread,10,1.99,19.9,West
27-11-2023,Store A,Toothpaste,176,2.49,438.24,North
26-02-2021,Store A,Shampoo,142,5.99,850.58,North
06-12-2023,Store C,Notebook,190,3.49,663.1,Midwest
18-12-2023,Store C,Toothpaste,70,2.49,174.3,Midwest
26-11-2021,Store D,Shampoo,117,5.99,700.83,South
19-07-2023,Store D,Toothpaste,116,2.49,288.84,South
18-08-2023,Store C,Notebook,109,3.49,380.41,Midwest
22-10-2023,Store C,T-Shirt,167,15.99,2670.33,Midwest
22-06-2021,Store A,Bread,163,1.99,324.37,North
31-07-2024,Store B,Jeans,150,39.99,5998.5,West
06-06-2022,Store A,T-Shirt,165,15.99,2638.35,North
18-11-2021,Store B,Milk,108,2.29,247.32,West
01-01-2021,Store B,Bread,34,1.99,67.66,West
08-04-2021,Store D,T-Shirt,198,15.99,3166.02,South
14-07-2022,Store D,Jeans,91,39.99,3639.09,South
08-03-2023,Store A,Notebook,130,3.49,453.7,North
16-07-2021,Store D,Shampoo,121,5.99,724.79,South
03-12-2023,Store B,Notebook,27,3.49,94.23,West
21-11-2021,Store D,Toothpaste,25,2.49,62.25,South
27-10-2021,Store D,T-Shirt,16,15.99,255.84,South
07-07-2021,Store B,Shampoo,31,5.99,185.69,West
16-03-2022,Store B,Shampoo,154,5.99,922.46,West
04-06-2023,Store A,Toothpaste,195,2.49,485.55,North
22-09-2022,Store A,Milk,187,2.29,428.23,North
28-06-2023,Store C,Toothpaste,111,2.49,276.39,Midwest
20-01-2024,Store D,Jeans,116,39.99,4638.84,South
14-06-2022,Store B,Toothpaste,113,2.49,281.37,West
28-05-2023,Store D,Jeans,71,39.99,2839.29,South
06-03-2021,Store B,T-Shirt,119,15.99,1902.81,West
14-11-2021,Store B,Shampoo,140,5.99,838.6,West
29-05-2022,Store C,Bread,95,1.99,189.05,Midwest
02-03-2022,Store D,Notebook,126,3.49,439.74,South
12-07-2022,Store D,Bread,197,1.99,392.03,South
21-05-2021,Store A,Jeans,165,39.99,6598.35,North
28-02-2021,Store D,T-Shirt,129,15.99,2062.71,South
07-07-2021,Store B,Bread,129,1.99,256.71,West
10-06-2022,Store A,T-Shirt,95,15.99,1519.05,North
09-06-2023,Store C,Notebook,190,3.49,663.1,Midwest
13-06-2021,Store A,Toothpaste,76,2.49,189.24,North
05-09-2021,Store B,Bread,63,1.99,125.37,West
08-12-2023,Store B,Bread,154,1.99,306.46,West
06-02-2024,Store B,Jeans,152,39.99,6078.48,West
08-12-2022,Store A,Milk,16,2.29,36.64,North
11-06-2024,Store B,T-Shirt,112,15.99,1790.88,West
31-07-2023,Store C,Shampoo,145,5.99,868.55,Midwest
03-11-2021,Store C,Bread,147,1.99,292.53,Midwest
05-06-2022,Store A,T-Shirt,158,15.99,2526.42,North
10-08-2024,Store D,T-Shirt,189,15.99,3022.11,South
14-11-2024,Store D,Milk,62,2.29,141.98,South
13-03-2021,Store D,T-Shirt,27,15.99,431.73,South
09-04-2024,Store B,Milk,72,2.29,164.88,West
04-11-2021,Store C,Toothpaste,118,2.49,293.82,Midwest
14-01-2024,Store C,Bread,50,1.99,99.5,Midwest
24-10-2021,Store A,Shampoo,191,5.99,1144.09,North
29-07-2021,Store B,Toothpaste,74,2.49,184.26,West
02-12-2023,Store B,Notebook,57,3.49,198.93,West
26-02-2023,Store D,Milk,54,2.29,123.66,South
28-05-2023,Store C,Bread,89,1.99,177.11,Midwest
05-09-2023,Store D,Notebook,171,3.49,596.79,South
20-11-2022,Store C,Bread,68,1.99,135.32,Midwest
23-04-2021,Store A,Bread,70,1.99,139.3,North
25-07-2022,Store B,Notebook,160,3.49,558.4,West
07-05-2022,Store C,Jeans,142,39.99,5678.58,Midwest
29-01-2021,Store C,Notebook,101,3.49,352.49,Midwest
14-11-2021,Store D,Notebook,95,3.49,331.55,South
28-10-2024,Store C,T-Shirt,65,15.99,1039.35,Midwest
02-01-2022,Store C,Toothpaste,61,2.49,151.89,Midwest
19-03-2024,Store B,Bread,153,1.99,304.47,West
23-11-2022,Store C,Bread,26,1.99,51.74,Midwest
29-10-2024,Store B,Milk,174,2.29,398.46,West
29-06-2023,Store D,Toothpaste,186,2.49,463.14,South
04-07-2024,Store B,Notebook,71,3.49,247.79,West
30-05-2024,Store B,Bread,177,1.99,352.23,West
28-11-2023,Store A,Milk,38,2.29,87.02,North
15-01-2021,Store A,Shampoo,91,5.99,545.09,North
13-08-2023,Store B,Shampoo,38,5.99,227.62,West
21-04-2021,Store B,Bread,80,1.99,159.2,West
02-05-2022,Store B,Toothpaste,153,2.49,380.97,West
23-01-2023,Store C,Notebook,26,3.49,90.74,Midwest
03-07-2023,Store D,Toothpaste,155,2.49,385.95,South
26-09-2021,Store D,Notebook,142,3.49,495.58,South
15-10-2022,Store A,Bread,94,1.99,187.06,North
17-09-2022,Store C,Bread,141,1.99,280.59,Midwest
16-11-2024,Store C,T-Shirt,47,15.99,751.53,Midwest
13-08-2024,Store C,Toothpaste,51,2.49,126.99,Midwest
16-10-2024,Store C,Toothpaste,132,2.49,328.68,Midwest
13-05-2022,Store D,Toothpaste,107,2.49,266.43,South
31-07-2024,Store D,Milk,28,2.29,64.12,South
09-02-2021,Store C,Notebook,150,3.49,523.5,Midwest
30-04-2023,Store A,Notebook,23,3.49,80.27,North
02-07-2024,Store B,Bread,106,1.99,210.94,West
16-09-2021,Store A,Notebook,157,3.49,547.93,North
11-05-2022,Store A,Milk,129,2.29,295.41,North
21-08-2024,Store D,Shampoo,48,5.99,287.52,South
14-12-2024,Store D,Notebook,154,3.49,537.46,South
18-08-2024,Store D,Shampoo,54,5.99,323.46,South
22-08-2024,Store B,T-Shirt,55,15.99,879.45,West
06-10-2022,Store D,Notebook,12,3.49,41.88,South
11-04-2024,Store B,T-Shirt,110,15.99,1758.9,West
09-06-2024,Store D,T-Shirt,23,15.99,367.77,South
16-12-2021,Store A,Bread,173,1.99,344.27,North
16-10-2023,Store C,Bread,44,1.99,87.56,Midwest
19-05-2023,Store A,Milk,147,2.29,336.63,North
07-01-2024,Store B,Milk,34,2.29,77.86,West
12-10-2021,Store B,Notebook,168,3.49,586.32,West
11-04-2022,Store A,Bread,55,1.99,109.45,North
14-05-2021,Store B,Bread,12,1.99,23.88,West
31-08-2024,Store A,Notebook,95,3.49,331.55,North
06-05-2023,Store B,Toothpaste,179,2.49,445.71,West
17-07-2021,Store B,T-Shirt,137,15.99,2190.63,West
23-04-2021,Store A,T-Shirt,190,15.99,3038.1,North
30-04-2023,Store A,Shampoo,189,5.99,1132.11,North
29-08-2021,Store B,Notebook,166,3.49,579.34,West
11-03-2022,Store B,Milk,92,2.29,210.68,West
03-07-2022,Store A,Shampoo,118,5.99,706.82,North
09-12-2024,Store C,Bread,88,1.99,175.12,Midwest
29-07-2024,Store C,Jeans,179,39.99,7158.21,Midwest
29-08-2023,Store A,Notebook,114,3.49,397.86,North
03-01-2024,Store C,Jeans,40,39.99,1599.6,Midwest
06-11-2023,Store A,Bread,67,1.99,133.33,North
07-10-2023,Store D,Jeans,132,39.99,5278.68,South
09-02-2024,Store B,Jeans,138,39.99,5518.62,West
14-06-2022,Store B,T-Shirt,19,15.99,303.81,West
28-02-2023,Store C,Shampoo,160,5.99,958.4,Midwest
21-09-2023,Store B,T-Shirt,168,15.99,2686.32,West
14-01-2022,Store A,Bread,132,1.99,262.68,North
12-08-2022,Store C,Shampoo,53,5.99,317.47,Midwest
26-07-2023,Store B,Toothpaste,164,2.49,408.36,West
07-07-2022,Store D,Shampoo,161,5.99,964.39,South
28-02-2021,Store C,Bread,50,1.99,99.5,Midwest
11-09-2022,Store C,Jeans,126,39.99,5038.74,Midwest
11-04-2022,Store C,Notebook,170,3.49,593.3,Midwest
13-01-2024,Store C,Toothpaste,30,2.49,74.7,Midwest
19-08-2022,Store D,Jeans,87,39.99,3479.13,South
06-11-2023,Store C,Shampoo,20,5.99,119.8,Midwest
27-09-2024,Store A,Toothpaste,179,2.49,445.71,North
25-06-2021,Store D,Notebook,185,3.49,645.65,South
25-01-2023,Store A,Jeans,64,39.99,2559.36,North
16-07-2022,Store D,Toothpaste,21,2.49,52.29,South
19-09-2022,Store B,Milk,34,2.29,77.86,West
12-10-2023,Store D,Notebook,80,3.49,279.2,South
26-06-2022,Store D,Milk,75,2.29,171.75,South
24-07-2024,Store C,T-Shirt,77,15.99,1231.23,Midwest
19-02-2024,Store C,Bread,47,1.99,93.53,Midwest
24-10-2021,Store A,Notebook,78,3.49,272.22,North
18-08-2022,Store A,Shampoo,74,5.99,443.26,North
01-10-2022,Store B,Notebook,174,3.49,607.26,West
25-04-2024,Store D,Toothpaste,34,2.49,84.66,South
19-09-2023,Store C,Bread,158,1.99,314.42,Midwest
21-01-2024,Store D,T-Shirt,127,15.99,2030.73,South
05-05-2022,Store D,T-Shirt,164,15.99,2622.36,South
26-04-2022,Store A,Notebook,187,3.49,652.63,North
12-05-2024,Store B,Notebook,169,3.49,589.81,West
26-11-2022,Store B,Shampoo,103,5.99,616.97,West
28-07-2022,Store D,Notebook,58,3.49,202.42,South
03-04-2021,Store B,T-Shirt,37,15.99,591.63,West
15-06-2024,Store A,Notebook,120,3.49,418.8,North
11-08-2024,Store D,Notebook,74,3.49,258.26,South
07-06-2023,Store C,Notebook,176,3.49,614.24,Midwest
24-05-2024,Store A,Bread,78,1.99,155.22,North
24-06-2021,Store D,Bread,11,1.99,21.89,South
11-08-2023,Store B,Toothpaste,120,2.49,298.8,West
14-06-2024,Store C,Toothpaste,15,2.49,37.35,Midwest
25-08-2024,Store A,Bread,183,1.99,364.17,North
17-02-2021,Store B,Shampoo,31,5.99,185.69,West
06-01-2022,Store C,Bread,138,1.99,274.62,Midwest
15-01-2024,Store D,Milk,152,2.29,348.08,South
29-09-2021,Store A,Bread,195,1.99,388.05,North
06-05-2022,Store B,Notebook,159,3.49,554.91,West
12-10-2022,Store B,Toothpaste,123,2.49,306.27,West
09-04-2021,Store C,Milk,125,2.29,286.25,Midwest
29-05-2022,Store B,Shampoo,106,5.99,634.94,West
09-12-2022,Store B,T-Shirt,78,15.99,1247.22,West
09-08-2022,Store B,Toothpaste,179,2.49,445.71,West
04-03-2023,Store C,Shampoo,200,5.99,1198,Midwest
08-03-2023,Store A,Shampoo,113,5.99,676.87,North
08-10-2022,Store A,Shampoo,135,5.99,808.65,North
12-05-2024,Store C,Notebook,78,3.49,272.22,Midwest
13-07-2021,Store A,Milk,70,2.29,160.3,North
25-11-2022,Store A,Bread,181,1.99,360.19,North
12-11-2022,Store A,T-Shirt,59,15.99,943.41,North
26-06-2024,Store A,Jeans,12,39.99,479.88,North
16-01-2024,Store C,Milk,49,2.29,112.21,Midwest
14-09-2023,Store A,T-Shirt,23,15.99,367.77,North
30-06-2023,Store D,T-Shirt,113,15.99,1806.87,South
01-09-2022,Store A,Notebook,198,3.49,691.02,North
12-08-2024,Store B,Bread,59,1.99,117.41,West
17-06-2023,Store B,Notebook,97,3.49,338.53,West
08-09-2021,Store B,Milk,29,2.29,66.41,West
11-10-2023,Store C,Milk,128,2.29,293.12,Midwest
22-01-2022,Store A,T-Shirt,137,15.99,2190.63,North
22-11-2021,Store B,T-Shirt,39,15.99,623.61,West
13-01-2024,Store A,Bread,33,1.99,65.67,North
29-04-2022,Store A,Bread,168,1.99,334.32,North
05-01-2023,Store B,Notebook,164,3.49,572.36,West
28-04-2021,Store B,Toothpaste,106,2.49,263.94,West
18-09-2024,Store C,Shampoo,98,5.99,587.02,Midwest
14-08-2023,Store D,Bread,57,1.99,113.43,South
14-12-2024,Store C,Milk,25,2.29,57.25,Midwest
30-06-2021,Store A,Notebook,108,3.49,376.92,North
14-03-2021,Store B,Shampoo,47,5.99,281.53,West
11-10-2022,Store C,Toothpaste,29,2.49,72.21,Midwest
27-07-2022,Store A,Shampoo,71,5.99,425.29,North
03-04-2024,Store B,Notebook,30,3.49,104.7,West
01-12-2022,Store D,Toothpaste,177,2.49,440.73,South
04-06-2021,Store B,Notebook,183,3.49,638.67,West
02-05-2021,Store D,Toothpaste,161,2.49,400.89,South
08-04-2022,Store A,Jeans,53,39.99,2119.47,North
11-05-2022,Store C,T-Shirt,15,15.99,239.85,Midwest
07-12-2021,Store A,Toothpaste,159,2.49,395.91,North
07-10-2022,Store D,T-Shirt,56,15.99,895.44,South
01-02-2023,Store B,Milk,97,2.29,222.13,West
15-12-2022,Store B,Shampoo,117,5.99,700.83,West
22-12-2023,Store D,Milk,112,2.29,256.48,South
26-02-2023,Store D,Bread,147,1.99,292.53,South
07-12-2023,Store D,Shampoo,120,5.99,718.8,South
18-08-2023,Store D,Shampoo,48,5.99,287.52,South
04-07-2023,Store A,Jeans,126,39.99,5038.74,North
01-12-2024,Store D,Bread,71,1.99,141.29,South
11-08-2023,Store A,Bread,171,1.99,340.29,North
10-05-2023,Store B,Jeans,92,39.99,3679.08,West
16-12-2023,Store A,Bread,66,1.99,131.34,North
30-05-2023,Store C,Notebook,70,3.49,244.3,Midwest
10-01-2023,Store D,T-Shirt,37,15.99,591.63,South
22-02-2023,Store C,Milk,62,2.29,141.98,Midwest
26-03-2022,Store C,Notebook,65,3.49,226.85,Midwest
23-03-2021,Store B,Bread,79,1.99,157.21,West
21-11-2023,Store D,Toothpaste,23,2.49,57.27,South
14-01-2023,Store A,Shampoo,97,5.99,581.03,North
29-03-2023,Store B,Jeans,104,39.99,4158.96,West
24-11-2024,Store C,Bread,139,1.99,276.61,Midwest
07-07-2021,Store A,Jeans,21,39.99,839.79,North
22-10-2024,Store D,Jeans,33,39.99,1319.67,South
15-05-2021,Store B,Toothpaste,130,2.49,323.7,West
08-01-2023,Store A,Notebook,29,3.49,101.21,North
17-02-2022,Store C,Jeans,118,39.99,4718.82,Midwest
14-02-2024,Store B,Jeans,52,39.99,2079.48,West
13-11-2022,Store C,T-Shirt,189,15.99,3022.11,Midwest
13-05-2023,Store C,Shampoo,158,5.99,946.42,Midwest
28-11-2022,Store A,Toothpaste,93,2.49,231.57,North
23-12-2022,Store C,Toothpaste,106,2.49,263.94,Midwest
29-03-2023,Store B,Toothpaste,67,2.49,166.83,West
03-08-2022,Store A,Jeans,89,39.99,3559.11,North
15-08-2024,Store B,Toothpaste,73,2.49,181.77,West
27-01-2024,Store C,Toothpaste,130,2.49,323.7,Midwest
03-05-2022,Store C,Notebook,34,3.49,118.66,Midwest
26-03-2024,Store B,T-Shirt,164,15.99,2622.36,West
04-11-2022,Store B,Notebook,67,3.49,233.83,West
01-11-2022,Store C,Shampoo,78,5.99,467.22,Midwest
07-05-2022,Store D,Notebook,54,3.49,188.46,South
21-05-2024,Store A,T-Shirt,152,15.99,2430.48,North
16-04-2022,Store B,T-Shirt,105,15.99,1678.95,West
01-06-2024,Store C,Notebook,89,3.49,310.61,Midwest
26-01-2024,Store A,Milk,44,2.29,100.76,North
06-09-2021,Store C,Toothpaste,55,2.49,136.95,Midwest
20-12-2022,Store C,T-Shirt,46,15.99,735.54,Midwest
07-10-2022,Store B,Notebook,177,3.49,617.73,West
17-02-2024,Store D,T-Shirt,181,15.99,2894.19,South
17-10-2022,Store C,Notebook,167,3.49,582.83,Midwest
26-05-2021,Store A,T-Shirt,145,15.99,2318.55,North
25-03-2022,Store B,Milk,52,2.29,119.08,West
13-02-2024,Store D,Notebook,115,3.49,401.35,South
18-01-2023,Store A,T-Shirt,34,15.99,543.66,North
18-08-2024,Store B,Milk,97,2.29,222.13,West
11-03-2024,Store B,Toothpaste,114,2.49,283.86,West
11-03-2021,Store C,Notebook,167,3.49,582.83,Midwest
24-12-2023,Store B,T-Shirt,78,15.99,1247.22,West
21-10-2023,Store C,T-Shirt,78,15.99,1247.22,Midwest
01-07-2021,Store D,Milk,89,2.29,203.81,South
13-08-2024,Store C,Notebook,82,3.49,286.18,Midwest
20-03-2021,Store D,Jeans,64,39.99,2559.36,South
21-01-2021,Store B,Jeans,115,39.99,4598.85,West
14-04-2021,Store C,Toothpaste,25,2.49,62.25,Midwest
05-09-2021,Store A,Jeans,60,39.99,2399.4,North
25-09-2022,Store B,Toothpaste,167,2.49,415.83,West
20-11-2022,Store B,Notebook,26,3.49,90.74,West
28-04-2024,Store A,Shampoo,95,5.99,569.05,North
27-09-2024,Store B,Bread,91,1.99,181.09,West
08-07-2022,Store C,Jeans,98,39.99,3919.02,Midwest
01-04-2022,Store B,Toothpaste,46,2.49,114.54,West
24-05-2024,Store A,T-Shirt,28,15.99,447.72,North
23-02-2021,Store C,Toothpaste,14,2.49,34.86,Midwest
17-01-2024,Store C,Notebook,131,3.49,457.19,Midwest
21-02-2022,Store C,Bread,168,1.99,334.32,Midwest
23-04-2021,Store A,Toothpaste,183,2.49,455.67,North
29-08-2023,Store A,T-Shirt,194,15.99,3102.06,North
22-09-2024,Store B,T-Shirt,192,15.99,3070.08,West
05-03-2021,Store B,Shampoo,64,5.99,383.36,West
10-01-2022,Store B,Jeans,107,39.99,4278.93,West
02-12-2024,Store C,Shampoo,192,5.99,1150.08,Midwest
31-12-2023,Store A,Jeans,87,39.99,3479.13,North
06-07-2023,Store C,Shampoo,123,5.99,736.77,Midwest
09-04-2024,Store C,Jeans,80,39.99,3199.2,Midwest
11-12-2024,Store C,Toothpaste,80,2.49,199.2,Midwest
13-09-2023,Store D,Bread,133,1.99,264.67,South
13-09-2024,Store D,T-Shirt,16,15.99,255.84,South
24-10-2023,Store D,Milk,87,2.29,199.23,South
26-07-2024,Store D,Toothpaste,182,2.49,453.18,South
20-09-2022,Store D,Shampoo,15,5.99,89.85,South
12-07-2023,Store C,Toothpaste,130,2.49,323.7,Midwest
27-01-2021,Store C,Bread,172,1.99,342.28,Midwest
25-10-2022,Store A,Milk,195,2.29,446.55,North
16-03-2024,Store B,Bread,62,1.99,123.38,West
28-02-2021,Store C,Milk,148,2.29,338.92,Midwest
12-06-2022,Store B,Shampoo,48,5.99,287.52,West
05-08-2022,Store A,Notebook,22,3.49,76.78,North
22-05-2022,Store D,Shampoo,132,5.99,790.68,South
21-06-2024,Store A,Notebook,189,3.49,659.61,North
12-12-2022,Store B,Milk,84,2.29,192.36,West
25-04-2021,Store B,T-Shirt,200,15.99,3198,West
03-03-2023,Store D,Shampoo,117,5.99,700.83,South
04-11-2021,Store A,Milk,14,2.29,32.06,North
29-03-2022,Store B,Toothpaste,154,2.49,383.46,West
20-12-2022,Store A,Milk,12,2.29,27.48,North
25-06-2023,Store B,Toothpaste,196,2.49,488.04,West
26-05-2023,Store B,Toothpaste,178,2.49,443.22,West
30-11-2023,Store C,Notebook,129,3.49,450.21,Midwest
14-08-2023,Store D,Milk,28,2.29,64.12,South
01-04-2021,Store A,Shampoo,60,5.99,359.4,North
23-10-2022,Store C,Milk,44,2.29,100.76,Midwest
10-09-2024,Store D,Bread,35,1.99,69.65,South
21-08-2021,Store D,Notebook,151,3.49,526.99,South
17-03-2022,Store A,Milk,36,2.29,82.44,North
30-04-2024,Store C,Shampoo,138,5.99,826.62,Midwest
14-07-2022,Store B,Notebook,32,3.49,111.68,West
01-09-2021,Store C,Jeans,40,39.99,1599.6,Midwest
03-10-2021,Store A,T-Shirt,123,15.99,1966.77,North
02-11-2023,Store A,Jeans,82,39.99,3279.18,North
17-03-2022,Store B,Toothpaste,132,2.49,328.68,West
05-05-2024,Store D,Bread,146,1.99,290.54,South
15-10-2021,Store A,Bread,151,1.99,300.49,North
05-09-2022,Store B,Notebook,130,3.49,453.7,West
02-11-2021,Store C,Notebook,148,3.49,516.52,Midwest
20-11-2024,Store D,Bread,70,1.99,139.3,South
28-08-2024,Store D,Notebook,118,3.49,411.82,South
03-02-2024,Store A,Shampoo,187,5.99,1120.13,North
08-06-2022,Store C,T-Shirt,161,15.99,2574.39,Midwest
26-06-2021,Store A,T-Shirt,109,15.99,1742.91,North
18-04-2022,Store A,Toothpaste,75,2.49,186.75,North
26-08-2024,Store B,Jeans,109,39.99,4358.91,West
02-01-2024,Store D,Jeans,195,39.99,7798.05,South
21-02-2023,Store D,Shampoo,129,5.99,772.71,South
26-04-2024,Store D,Milk,189,2.29,432.81,South
26-01-2022,Store D,Toothpaste,200,2.49,498,South
13-02-2023,Store A,Shampoo,199,5.99,1192.01,North
25-02-2021,Store D,Jeans,12,39.99,479.88,South
02-01-2023,Store B,Milk,40,2.29,91.6,West
01-11-2021,Store D,Toothpaste,121,2.49,301.29,South
21-08-2024,Store B,Bread,185,1.99,368.15,West
18-05-2024,Store D,Jeans,164,39.99,6558.36,South
05-09-2021,Store A,Notebook,171,3.49,596.79,North
05-09-2022,Store C,Notebook,176,3.49,614.24,Midwest
06-10-2021,Store A,Shampoo,164,5.99,982.36,North
23-02-2023,Store C,Shampoo,13,5.99,77.87,Midwest
20-12-2023,Store A,Shampoo,20,5.99,119.8,North
08-09-2021,Store B,T-Shirt,162,15.99,2590.38,West
22-07-2021,Store B,Notebook,10,3.49,34.9,West
17-05-2022,Store A,Shampoo,32,5.99,191.68,North
16-08-2023,Store B,Notebook,40,3.49,139.6,West
28-05-2022,Store C,Notebook,141,3.49,492.09,Midwest
04-09-2022,Store D,Toothpaste,162,2.49,403.38,South
08-02-2022,Store D,T-Shirt,47,15.99,751.53,South
30-06-2023,Store D,Bread,198,1.99,394.02,South
06-12-2024,Store D,Milk,65,2.29,148.85,South
15-07-2024,Store C,Bread,74,1.99,147.26,Midwest
24-07-2023,Store C,Toothpaste,154,2.49,383.46,Midwest
17-06-2024,Store C,T-Shirt,138,15.99,2206.62,Midwest
17-08-2024,Store B,Bread,101,1.99,200.99,West
16-10-2023,Store B,T-Shirt,161,15.99,2574.39,West
26-01-2024,Store B,Toothpaste,186,2.49,463.14,West
21-05-2023,Store A,Bread,170,1.99,338.3,North
07-09-2021,Store D,Shampoo,31,5.99,185.69,South
28-01-2022,Store C,Milk,31,2.29,70.99,Midwest
15-10-2023,Store D,Milk,86,2.29,196.94,South
01-08-2023,Store C,Bread,130,1.99,258.7,Midwest
03-06-2022,Store C,Toothpaste,32,2.49,79.68,Midwest
22-03-2021,Store C,Toothpaste,61,2.49,151.89,Midwest
22-02-2022,Store B,Shampoo,10,5.99,59.9,West
01-03-2024,Store B,Jeans,141,39.99,5638.59,West
09-12-2022,Store D,Jeans,68,39.99,2719.32,South
26-07-2022,Store D,Jeans,39,39.99,1559.61,South
05-03-2022,Store B,T-Shirt,17,15.99,271.83,West
28-09-2022,Store C,Toothpaste,128,2.49,318.72,Midwest
28-01-2021,Store D,Toothpaste,39,2.49,97.11,South
09-01-2022,Store D,Bread,59,1.99,117.41,South
21-10-2023,Store C,Milk,34,2.29,77.86,Midwest
07-02-2021,Store C,Notebook,19,3.49,66.31,Midwest
26-05-2024,Store D,Jeans,171,39.99,6838.29,South
31-05-2024,Store B,Toothpaste,172,2.49,428.28,West
17-04-2022,Store C,Toothpaste,96,2.49,239.04,Midwest
03-02-2024,Store C,Toothpaste,121,2.49,301.29,Midwest
06-04-2021,Store B,Bread,197,1.99,392.03,West
29-01-2024,Store D,Milk,138,2.29,316.02,South
16-05-2024,Store B,Jeans,25,39.99,999.75,West
28-05-2021,Store D,Bread,43,1.99,85.57,South
07-02-2022,Store B,Jeans,37,39.99,1479.63,West
03-02-2022,Store A,Notebook,153,3.49,533.97,North
21-09-2024,Store D,Milk,193,2.29,441.97,South
21-05-2021,Store C,Bread,57,1.99,113.43,Midwest
09-11-2021,Store A,Jeans,87,39.99,3479.13,North
25-06-2021,Store A,Toothpaste,46,2.49,114.54,North
21-04-2023,Store C,Shampoo,167,5.99,1000.33,Midwest
03-01-2021,Store C,Shampoo,74,5.99,443.26,Midwest
26-02-2024,Store B,Jeans,68,39.99,2719.32,West
11-07-2022,Store A,Toothpaste,85,2.49,211.65,North
21-01-2024,Store D,Notebook,198,3.49,691.02,South
24-04-2023,Store A,Notebook,186,3.49,649.14,North
06-11-2021,Store D,T-Shirt,33,15.99,527.67,South
30-09-2023,Store C,Bread,184,1.99,366.16,Midwest
24-05-2022,Store C,Notebook,189,3.49,659.61,Midwest
11-11-2024,Store D,T-Shirt,154,15.99,2462.46,South
07-07-2024,Store A,Milk,188,2.29,430.52,North
28-06-2021,Store A,Notebook,107,3.49,373.43,North
19-04-2023,Store D,Bread,140,1.99,278.6,South
23-09-2021,Store B,T-Shirt,12,15.99,191.88,West
02-02-2023,Store A,Shampoo,136,5.99,814.64,North
25-11-2022,Store C,Toothpaste,71,2.49,176.79,Midwest
19-02-2022,Store C,Jeans,105,39.99,4198.95,Midwest
24-06-2023,Store C,Shampoo,185,5.99,1108.15,Midwest
19-05-2024,Store D,T-Shirt,188,15.99,3006.12,South
11-04-2024,Store D,Milk,58,2.29,132.82,South
21-05-2022,Store B,Bread,26,1.99,51.74,West
14-04-2024,Store B,Bread,70,1.99,139.3,West
01-04-2023,Store A,Jeans,147,39.99,5878.53,North
14-12-2024,Store C,Jeans,187,39.99,7478.13,Midwest
12-03-2024,Store B,Notebook,12,3.49,41.88,West
22-11-2022,Store C,Jeans,197,39.99,7878.03,Midwest
05-06-2023,Store B,Jeans,23,39.99,919.77,West
09-02-2023,Store B,Shampoo,13,5.99,77.87,West
07-08-2021,Store B,T-Shirt,156,15.99,2494.44,West
18-07-2021,Store C,Toothpaste,184,2.49,458.16,Midwest
22-11-2023,Store C,Toothpaste,118,2.49,293.82,Midwest
18-06-2024,Store A,Jeans,49,39.99,1959.51,North
01-06-2021,Store D,Jeans,32,39.99,1279.68,South
06-03-2021,Store A,Toothpaste,16,2.49,39.84,North
10-11-2022,Store D,Toothpaste,77,2.49,191.73,South
23-11-2022,Store D,T-Shirt,38,15.99,607.62,South
21-01-2024,Store D,T-Shirt,13,15.99,207.87,South
13-01-2022,Store A,Milk,177,2.29,405.33,North
08-02-2022,Store C,Bread,96,1.99,191.04,Midwest
11-01-2024,Store D,Notebook,28,3.49,97.72,South
24-09-2023,Store B,Toothpaste,22,2.49,54.78,West
12-04-2024,Store C,Bread,114,1.99,226.86,Midwest
25-06-2023,Store C,Shampoo,19,5.99,113.81,Midwest
01-04-2023,Store B,Bread,161,1.99,320.39,West
13-11-2023,Store C,Shampoo,103,5.99,616.97,Midwest
26-03-2023,Store D,Shampoo,152,5.99,910.48,South
16-05-2022,Store A,Bread,174,1.99,346.26,North
22-09-2022,Store A,Milk,40,2.29,91.6,North
13-09-2024,Store C,Milk,47,2.29,107.63,Midwest
01-10-2024,Store D,Jeans,24,39.99,959.76,South
07-02-2021,Store D,Toothpaste,103,2.49,256.47,South
21-10-2021,Store B,T-Shirt,41,15.99,655.59,West
16-08-2024,Store A,Notebook,36,3.49,125.64,North
29-10-2023,Store D,Jeans,127,39.99,5078.73,South
11-04-2024,Store C,Shampoo,52,5.99,311.48,Midwest
29-07-2023,Store C,Jeans,196,39.99,7838.04,Midwest
22-02-2021,Store A,Shampoo,140,5.99,838.6,North
11-09-2024,Store A,Jeans,74,39.99,2959.26,North
03-06-2024,Store A,Toothpaste,154,2.49,383.46,North
05-09-2024,Store D,Toothpaste,138,2.49,343.62,South
09-12-2024,Store C,T-Shirt,73,15.99,1167.27,Midwest
28-02-2024,Store A,Notebook,79,3.49,275.71,North
02-06-2023,Store C,Jeans,32,39.99,1279.68,Midwest
04-10-2024,Store A,Toothpaste,150,2.49,373.5,North
21-07-2022,Store B,Toothpaste,76,2.49,189.24,West
19-11-2022,Store C,Shampoo,30,5.99,179.7,Midwest
29-07-2024,Store A,Notebook,73,3.49,254.77,North
19-05-2021,Store D,T-Shirt,62,15.99,991.38,South
26-03-2022,Store C,Jeans,131,39.99,5238.69,Midwest
07-09-2022,Store B,Bread,32,1.99,63.68,West
08-07-2024,Store A,Toothpaste,13,2.49,32.37,North
20-07-2021,Store D,T-Shirt,162,15.99,2590.38,South
13-01-2023,Store A,Bread,152,1.99,302.48,North
30-08-2021,Store D,Bread,50,1.99,99.5,South
19-11-2022,Store C,Milk,30,2.29,68.7,Midwest
09-05-2023,Store B,Jeans,132,39.99,5278.68,West
03-02-2022,Store B,Toothpaste,181,2.49,450.69,West
04-06-2023,Store D,Toothpaste,30,2.49,74.7,South
17-10-2022,Store C,Shampoo,10,5.99,59.9,Midwest
17-03-2023,Store C,Shampoo,148,5.99,886.52,Midwest
25-06-2022,Store A,Milk,106,2.29,242.74,North
10-03-2023,Store D,Jeans,101,39.99,4038.99,South
12-03-2021,Store D,Toothpaste,43,2.49,107.07,South
15-11-2024,Store A,T-Shirt,160,15.99,2558.4,North
25-10-2022,Store D,Shampoo,116,5.99,694.84,South
23-02-2021,Store C,Milk,130,2.29,297.7,Midwest
23-06-2022,Store A,Toothpaste,50,2.49,124.5,North
02-07-2021,Store B,Milk,65,2.29,148.85,West
23-04-2024,Store D,Shampoo,14,5.99,83.86,South
23-01-2022,Store C,Bread,121,1.99,240.79,Midwest
15-09-2023,Store B,T-Shirt,64,15.99,1023.36,West
03-03-2023,Store B,Notebook,118,3.49,411.82,West
02-07-2022,Store A,Bread,155,1.99,308.45,North
12-08-2022,Store C,T-Shirt,197,15.99,3150.03,Midwest
01-05-2022,Store D,Toothpaste,143,2.49,356.07,South
07-01-2022,Store D,T-Shirt,195,15.99,3118.05,South
27-03-2024,Store C,Toothpaste,28,2.49,69.72,Midwest
26-10-2023,Store C,Toothpaste,86,2.49,214.14,Midwest
17-10-2023,Store B,Jeans,71,39.99,2839.29,West
14-04-2024,Store A,Bread,144,1.99,286.56,North
25-10-2023,Store B,Shampoo,124,5.99,742.76,West
17-03-2024,Store B,Milk,186,2.29,425.94,West
16-08-2024,Store A,Toothpaste,31,2.49,77.19,North
17-07-2021,Store C,Bread,135,1.99,268.65,Midwest
14-05-2021,Store C,Bread,146,1.99,290.54,Midwest
12-05-2022,Store B,Bread,133,1.99,264.67,West
18-04-2024,Store C,Jeans,30,39.99,1199.7,Midwest
11-04-2021,Store D,Milk,197,2.29,451.13,South
28-10-2022,Store B,T-Shirt,160,15.99,2558.4,West
10-10-2021,Store A,T-Shirt,57,15.99,911.43,North
01-06-2023,Store D,T-Shirt,189,15.99,3022.11,South
15-06-2023,Store A,Milk,94,2.29,215.26,North
21-03-2023,Store D,Toothpaste,146,2.49,363.54,South
23-04-2024,Store A,Bread,49,1.99,97.51,North
21-09-2022,Store B,Jeans,30,39.99,1199.7,West
25-10-2022,Store C,Notebook,114,3.49,397.86,Midwest
08-03-2021,Store D,Shampoo,104,5.99,622.96,South
26-12-2022,Store B,Jeans,108,39.99,4318.92,West
19-08-2021,Store D,Jeans,165,39.99,6598.35,South
13-02-2024,Store D,Jeans,105,39.99,4198.95,South
30-07-2023,Store D,Shampoo,134,5.99,802.66,South
09-12-2024,Store A,Toothpaste,163,2.49,405.87,North
23-05-2023,Store C,Toothpaste,107,2.49,266.43,Midwest
15-11-2024,Store C,Toothpaste,150,2.49,373.5,Midwest
21-04-2023,Store D,Toothpaste,162,2.49,403.38,South
30-09-2024,Store C,Bread,24,1.99,47.76,Midwest
14-04-2021,Store A,Jeans,141,39.99,5638.59,North
23-07-2024,Store A,Milk,40,2.29,91.6,North
03-10-2022,Store A,Jeans,13,39.99,519.87,North
09-04-2023,Store C,Milk,130,2.29,297.7,Midwest
11-07-2022,Store B,Shampoo,138,5.99,826.62,West
01-12-2022,Store D,Toothpaste,125,2.49,311.25,South
19-07-2021,Store B,T-Shirt,193,15.99,3086.07,West
03-04-2022,Store B,T-Shirt,161,15.99,2574.39,West
14-12-2023,Store A,Toothpaste,32,2.49,79.68,North
15-07-2024,Store D,T-Shirt,51,15.99,815.49,South
09-10-2022,Store C,Toothpaste,113,2.49,281.37,Midwest
19-06-2022,Store B,Shampoo,15,5.99,89.85,West
14-03-2022,Store A,Bread,24,1.99,47.76,North
05-10-2023,Store A,Bread,67,1.99,133.33,North
07-11-2022,Store A,Bread,12,1.99,23.88,North
13-07-2021,Store D,Notebook,57,3.49,198.93,South
17-01-2022,Store B,Toothpaste,166,2.49,413.34,West
08-01-2021,Store C,Toothpaste,48,2.49,119.52,Midwest
24-03-2022,Store D,Toothpaste,101,2.49,251.49,South
31-01-2023,Store B,Toothpaste,15,2.49,37.35,West
08-05-2021,Store B,Bread,50,1.99,99.5,West
02-11-2022,Store A,Notebook,114,3.49,397.86,North
04-02-2022,Store C,T-Shirt,123,15.99,1966.77,Midwest
01-07-2022,Store C,Notebook,105,3.49,366.45,Midwest
20-07-2024,Store A,Milk,179,2.29,409.91,North
22-11-2021,Store B,Toothpaste,127,2.49,316.23,West
25-06-2022,Store A,Toothpaste,27,2.49,67.23,North
15-02-2022,Store B,Notebook,169,3.49,589.81,West
30-11-2023,Store B,Shampoo,75,5.99,449.25,West
23-10-2024,Store A,Jeans,160,39.99,6398.4,North
02-11-2024,Store D,Jeans,82,39.99,3279.18,South
18-03-2021,Store A,Toothpaste,120,2.49,298.8,North
17-01-2024,Store D,Bread,170,1.99,338.3,South
23-06-2021,Store A,T-Shirt,166,15.99,2654.34,North
22-03-2023,Store B,Notebook,146,3.49,509.54,West
13-01-2021,Store A,Toothpaste,171,2.49,425.79,North
22-11-2021,Store A,Toothpaste,53,2.49,131.97,North
22-07-2024,Store D,Shampoo,186,5.99,1114.14,South
25-09-2024,Store C,Bread,28,1.99,55.72,Midwest
08-05-2021,Store C,Notebook,14,3.49,48.86,Midwest
15-04-2024,Store D,Jeans,16,39.99,639.84,South
07-04-2024,Store C,Toothpaste,71,2.49,176.79,Midwest
05-05-2021,Store B,T-Shirt,154,15.99,2462.46,West
24-01-2021,Store A,Shampoo,161,5.99,964.39,North
22-01-2023,Store D,Notebook,16,3.49,55.84,South
06-07-2023,Store A,Jeans,154,39.99,6158.46,North
25-09-2024,Store C,Shampoo,166,5.99,994.34,Midwest
04-09-2023,Store D,Bread,99,1.99,197.01,South
16-03-2021,Store A,Milk,194,2.29,444.26,North
11-02-2022,Store B,Toothpaste,150,2.49,373.5,West
29-10-2024,Store A,Toothpaste,55,2.49,136.95,North
15-05-2021,Store B,Toothpaste,169,2.49,420.81,West
25-09-2023,Store B,Bread,120,1.99,238.8,West
11-05-2021,Store B,Jeans,16,39.99,639.84,West
25-07-2021,Store D,Milk,84,2.29,192.36,South
16-04-2022,Store B,Shampoo,62,5.99,371.38,West
12-05-2023,Store C,Bread,100,1.99,199,Midwest
26-02-2023,Store B,Toothpaste,173,2.49,430.77,West
28-11-2024,Store C,T-Shirt,186,15.99,2974.14,Midwest
05-07-2021,Store A,Jeans,130,39.99,5198.7,North
22-06-2023,Store A,T-Shirt,129,15.99,2062.71,North
27-03-2023,Store A,Jeans,189,39.99,7558.11,North
21-08-2024,Store D,T-Shirt,24,15.99,383.76,South
11-04-2024,Store D,Shampoo,163,5.99,976.37,South
03-06-2021,Store B,Notebook,168,3.49,586.32,West
03-11-2023,Store C,Shampoo,90,5.99,539.1,Midwest
10-12-2021,Store A,Shampoo,198,5.99,1186.02,North
12-12-2022,Store C,Notebook,56,3.49,195.44,Midwest
02-04-2022,Store C,Bread,180,1.99,358.2,Midwest
21-02-2024,Store C,Jeans,50,39.99,1999.5,Midwest
11-02-2022,Store C,T-Shirt,26,15.99,415.74,Midwest
26-03-2021,Store D,Bread,176,1.99,350.24,South
20-08-2022,Store D,Notebook,156,3.49,544.44,South
10-05-2024,Store B,Toothpaste,111,2.49,276.39,West
24-06-2023,Store B,Shampoo,53,5.99,317.47,West
03-08-2024,Store B,Notebook,94,3.49,328.06,West
03-03-2022,Store A,Notebook,160,3.49,558.4,North
20-01-2021,Store A,Toothpaste,150,2.49,373.5,North
11-12-2023,Store D,Shampoo,44,5.99,263.56,South
26-08-2023,Store C,Shampoo,89,5.99,533.11,Midwest
22-09-2021,Store C,Toothpaste,138,2.49,343.62,Midwest
29-01-2021,Store A,Toothpaste,43,2.49,107.07,North
25-08-2023,Store C,Toothpaste,82,2.49,204.18,Midwest
02-12-2023,Store A,Notebook,11,3.49,38.39,North
03-03-2021,Store D,Milk,121,2.29,277.09,South
04-01-2022,Store B,Bread,70,1.99,139.3,West
04-12-2022,Store D,Jeans,171,39.99,6838.29,South
05-03-2023,Store D,Shampoo,47,5.99,281.53,South
13-07-2023,Store A,Bread,140,1.99,278.6,North
17-04-2021,Store C,Toothpaste,43,2.49,107.07,Midwest
30-05-2022,Store A,T-Shirt,100,15.99,1599,North
24-06-2023,Store B,T-Shirt,190,15.99,3038.1,West
15-08-2021,Store D,Toothpaste,99,2.49,246.51,South
09-06-2024,Store D,Bread,196,1.99,390.04,South
01-03-2023,Store B,Bread,143,1.99,284.57,West
23-02-2022,Store A,Shampoo,112,5.99,670.88,North
28-01-2021,Store C,Notebook,110,3.49,383.9,Midwest
14-10-2023,Store C,Bread,48,1.99,95.52,Midwest
26-12-2023,Store B,Milk,37,2.29,84.73,West
15-05-2024,Store B,Toothpaste,94,2.49,234.06,West
14-07-2022,Store B,Bread,78,1.99,155.22,West
04-09-2022,Store B,Bread,172,1.99,342.28,West
01-02-2024,Store C,Milk,10,2.29,22.9,Midwest
24-08-2024,Store B,Bread,37,1.99,73.63,West
03-12-2022,Store B,T-Shirt,15,15.99,239.85,West
30-05-2024,Store C,Shampoo,17,5.99,101.83,Midwest
07-08-2024,Store B,Shampoo,168,5.99,1006.32,West
28-08-2021,Store A,Notebook,135,3.49,471.15,North
07-02-2021,Store C,Notebook,148,3.49,516.52,Midwest
29-10-2024,Store C,Toothpaste,184,2.49,458.16,Midwest
09-08-2022,Store D,Bread,98,1.99,195.02,South
14-08-2021,Store C,Jeans,124,39.99,4958.76,Midwest
29-09-2023,Store C,Bread,63,1.99,125.37,Midwest
08-02-2021,Store C,T-Shirt,117,15.99,1870.83,Midwest
11-05-2024,Store D,Jeans,133,39.99,5318.67,South
23-09-2024,Store B,T-Shirt,146,15.99,2334.54,West
24-06-2021,Store A,Toothpaste,54,2.49,134.46,North
06-12-2022,Store B,Milk,145,2.29,332.05,West
04-02-2022,Store B,Bread,47,1.99,93.53,West
15-05-2022,Store D,Notebook,132,3.49,460.68,South
15-03-2023,Store B,Bread,45,1.99,89.55,West
04-09-2022,Store A,Bread,119,1.99,236.81,North
17-08-2024,Store D,Jeans,102,39.99,4078.98,South
26-04-2021,Store C,Milk,158,2.29,361.82,Midwest
28-03-2024,Store D,Milk,161,2.29,368.69,South
13-02-2021,Store A,Shampoo,196,5.99,1174.04,North
10-08-2022,Store D,Jeans,98,39.99,3919.02,South
20-10-2021,Store C,Milk,110,2.29,251.9,Midwest
09-10-2022,Store D,Notebook,55,3.49,191.95,South
03-06-2022,Store A,Bread,171,1.99,340.29,North
05-09-2022,Store D,Milk,172,2.29,393.88,South
19-02-2024,Store B,Toothpaste,39,2.49,97.11,West
04-03-2021,Store B,Toothpaste,73,2.49,181.77,West
01-11-2024,Store A,Notebook,173,3.49,603.77,North
06-11-2021,Store B,T-Shirt,24,15.99,383.76,West
08-06-2021,Store A,Shampoo,137,5.99,820.63,North
07-04-2021,Store B,Shampoo,28,5.99,167.72,West
30-10-2021,Store D,Jeans,11,39.99,439.89,South
17-11-2021,Store D,Notebook,87,3.49,303.63,South
03-08-2022,Store B,Jeans,115,39.99,4598.85,West
23-03-2024,Store C,Milk,121,2.29,277.09,Midwest
05-10-2022,Store D,Milk,172,2.29,393.88,South
12-04-2021,Store A,Jeans,177,39.99,7078.23,North
16-06-2021,Store D,Shampoo,147,5.99,880.53,South
18-05-2023,Store B,Shampoo,198,5.99,1186.02,West
09-02-2024,Store A,Milk,168,2.29,384.72,North
05-02-2021,Store D,Notebook,114,3.49,397.86,South
29-01-2023,Store A,Jeans,41,39.99,1639.59,North
21-10-2024,Store B,Toothpaste,26,2.49,64.74,West
28-01-2022,Store A,Jeans,113,39.99,4518.87,North
10-03-2024,Store D,Bread,178,1.99,354.22,South
14-09-2022,Store C,Milk,192,2.29,439.68,Midwest
09-08-2021,Store C,Milk,152,2.29,348.08,Midwest
10-05-2024,Store D,T-Shirt,132,15.99,2110.68,South
20-02-2021,Store B,Jeans,37,39.99,1479.63,West
08-05-2023,Store C,Bread,82,1.99,163.18,Midwest
16-02-2024,Store C,Jeans,33,39.99,1319.67,Midwest
25-06-2024,Store C,T-Shirt,199,15.99,3182.01,Midwest
23-03-2023,Store C,Notebook,187,3.49,652.63,Midwest
07-10-2024,Store C,Bread,29,1.99,57.71,Midwest
09-09-2021,Store D,Milk,138,2.29,316.02,South
05-02-2022,Store C,Milk,197,2.29,451.13,Midwest
05-11-2023,Store D,T-Shirt,115,15.99,1838.85,South
18-03-2024,Store A,T-Shirt,85,15.99,1359.15,North
06-03-2021,Store C,Milk,185,2.29,423.65,Midwest
25-03-2022,Store D,Jeans,47,39.99,1879.53,South
01-01-2024,Store B,Shampoo,37,5.99,221.63,West
14-06-2021,Store C,Notebook,171,3.49,596.79,Midwest
03-03-2022,Store A,Notebook,84,3.49,293.16,North
21-03-2024,Store A,Bread,42,1.99,83.58,North
29-10-2022,Store C,Jeans,47,39.99,1879.53,Midwest
15-11-2022,Store A,Milk,47,2.29,107.63,North
10-12-2024,Store A,Bread,42,1.99,83.58,North
18-05-2024,Store D,Jeans,130,39.99,5198.7,South
26-04-2024,Store C,Jeans,133,39.99,5318.67,Midwest
15-01-2023,Store B,Notebook,146,3.49,509.54,West
26-04-2024,Store A,Bread,157,1.99,312.43,North
23-03-2024,Store C,Milk,148,2.29,338.92,Midwest
12-09-2023,Store B,T-Shirt,67,15.99,1071.33,West
17-07-2022,Store D,Bread,147,1.99,292.53,South
25-08-2023,Store A,Toothpaste,88,2.49,219.12,North
01-01-2021,Store B,Jeans,57,39.99,2279.43,West
02-09-2022,Store C,Milk,86,2.29,196.94,Midwest
18-02-2021,Store D,Toothpaste,179,2.49,445.71,South
19-05-2022,Store B,Jeans,153,39.99,6118.47,West
22-09-2021,Store D,Milk,168,2.29,384.72,South
18-03-2023,Store B,Milk,85,2.29,194.65,West
06-02-2022,Store D,Jeans,175,39.99,6998.25,South
11-04-2024,Store B,Milk,48,2.29,109.92,West
07-02-2021,Store A,T-Shirt,144,15.99,2302.56,North
19-12-2023,Store B,Notebook,32,3.49,111.68,West
29-05-2024,Store D,Notebook,49,3.49,171.01,South
09-09-2024,Store C,Bread,52,1.99,103.48,Midwest
16-12-2024,Store B,Shampoo,51,5.99,305.49,West
30-07-2022,Store A,T-Shirt,96,15.99,1535.04,North
27-12-2023,Store C,Milk,49,2.29,112.21,Midwest
04-11-2023,Store C,Jeans,148,39.99,5918.52,Midwest
19-03-2024,Store B,Shampoo,96,5.99,575.04,West
31-08-2024,Store C,Jeans,88,39.99,3519.12,Midwest
13-04-2024,Store B,Milk,197,2.29,451.13,West
15-03-2024,Store C,Milk,138,2.29,316.02,Midwest
06-11-2024,Store A,Jeans,147,39.99,5878.53,North
22-11-2024,Store A,Bread,36,1.99,71.64,North
07-06-2021,Store C,Bread,119,1.99,236.81,Midwest
19-03-2022,Store A,Jeans,138,39.99,5518.62,North
02-08-2024,Store A,Toothpaste,66,2.49,164.34,North
13-08-2021,Store A,T-Shirt,11,15.99,175.89,North
09-09-2024,Store D,Notebook,65,3.49,226.85,South
24-10-2021,Store B,Bread,114,1.99,226.86,West
08-11-2023,Store B,Jeans,105,39.99,4198.95,West
26-08-2021,Store C,T-Shirt,122,15.99,1950.78,Midwest
13-07-2021,Store C,Bread,71,1.99,141.29,Midwest
29-08-2023,Store C,Notebook,131,3.49,457.19,Midwest
08-12-2024,Store A,Milk,70,2.29,160.3,North
05-05-2024,Store B,Jeans,139,39.99,5558.61,West
03-02-2022,Store B,Shampoo,46,5.99,275.54,West
22-01-2023,Store B,Jeans,11,39.99,439.89,West
05-08-2022,Store B,Notebook,183,3.49,638.67,West
28-03-2023,Store A,Notebook,140,3.49,488.6,North
10-11-2024,Store B,Toothpaste,40,2.49,99.6,West
12-01-2024,Store B,Shampoo,168,5.99,1006.32,West
02-05-2021,Store B,Bread,27,1.99,53.73,West
22-10-2023,Store A,Milk,180,2.29,412.2,North
04-05-2023,Store B,Shampoo,125,5.99,748.75,West
29-09-2023,Store A,Jeans,193,39.99,7718.07,North
18-06-2024,Store B,Bread,99,1.99,197.01,West
28-02-2022,Store A,T-Shirt,32,15.99,511.68,North
22-01-2023,Store B,Notebook,23,3.49,80.27,West
24-05-2024,Store C,T-Shirt,98,15.99,1567.02,Midwest
25-05-2024,Store C,Jeans,30,39.99,1199.7,Midwest
28-07-2023,Store A,Jeans,182,39.99,7278.18,North
24-01-2022,Store D,Shampoo,143,5.99,856.57,South
17-08-2023,Store C,Shampoo,63,5.99,377.37,Midwest
13-07-2023,Store B,Jeans,170,39.99,6798.3,West
17-05-2024,Store B,Shampoo,52,5.99,311.48,West
28-05-2023,Store B,Bread,159,1.99,316.41,West
24-04-2022,Store C,Notebook,86,3.49,300.14,Midwest
11-02-2023,Store D,Milk,165,2.29,377.85,South
24-12-2024,Store C,Jeans,42,39.99,1679.58,Midwest
30-04-2022,Store B,Shampoo,189,5.99,1132.11,West
02-07-2024,Store C,Toothpaste,100,2.49,249,Midwest
23-04-2022,Store B,Shampoo,98,5.99,587.02,West
01-12-2021,Store D,Toothpaste,76,2.49,189.24,South
12-10-2021,Store A,Bread,144,1.99,286.56,North
19-06-2021,Store A,Toothpaste,78,2.49,194.22,North
05-03-2022,Store D,Jeans,46,39.99,1839.54,South
26-01-2023,Store C,Jeans,40,39.99,1599.6,Midwest
10-05-2024,Store C,Milk,171,2.29,391.59,Midwest
27-01-2023,Store B,Notebook,81,3.49,282.69,West
17-10-2023,Store B,Shampoo,129,5.99,772.71,West
29-10-2024,Store C,Toothpaste,151,2.49,375.99,Midwest
23-04-2024,Store D,Notebook,62,3.49,216.38,South
01-04-2021,Store C,Notebook,137,3.49,478.13,Midwest
18-12-2022,Store B,Jeans,120,39.99,4798.8,West
07-11-2024,Store A,Jeans,13,39.99,519.87,North
14-08-2023,Store D,Bread,92,1.99,183.08,South
12-02-2023,Store D,T-Shirt,180,15.99,2878.2,South
27-02-2022,Store D,T-Shirt,96,15.99,1535.04,South
14-03-2021,Store B,Milk,70,2.29,160.3,West
27-07-2021,Store B,Milk,152,2.29,348.08,West
10-05-2024,Store C,T-Shirt,110,15.99,1758.9,Midwest
25-04-2021,Store C,T-Shirt,39,15.99,623.61,Midwest
10-07-2022,Store A,Jeans,148,39.99,5918.52,North
25-01-2024,Store B,Bread,155,1.99,308.45,West
05-10-2021,Store D,Jeans,187,39.99,7478.13,South
21-12-2022,Store B,Bread,192,1.99,382.08,West
18-08-2022,Store A,Jeans,164,39.99,6558.36,North
27-11-2023,Store A,Bread,169,1.99,336.31,North
27-12-2022,Store B,Bread,51,1.99,101.49,West
27-01-2024,Store D,Notebook,151,3.49,526.99,South
16-07-2023,Store D,Jeans,135,39.99,5398.65,South
27-04-2023,Store A,Bread,49,1.99,97.51,North
27-07-2022,Store A,Milk,144,2.29,329.76,North
13-09-2023,Store A,Bread,93,1.99,185.07,North
04-12-2023,Store A,Bread,119,1.99,236.81,North
22-02-2021,Store C,Notebook,200,3.49,698,Midwest
25-06-2022,Store A,Toothpaste,171,2.49,425.79,North
28-03-2024,Store D,Bread,196,1.99,390.04,South
24-05-2022,Store D,Jeans,71,39.99,2839.29,South
21-05-2024,Store B,Milk,192,2.29,439.68,West
13-09-2023,Store D,Toothpaste,32,2.49,79.68,South
13-10-2024,Store A,T-Shirt,58,15.99,927.42,North
28-11-2022,Store B,Jeans,11,39.99,439.89,West
21-03-2024,Store D,Bread,89,1.99,177.11,South
20-10-2024,Store D,Milk,81,2.29,185.49,South
07-03-2021,Store D,Bread,116,1.99,230.84,South
16-04-2024,Store B,Jeans,94,39.99,3759.06,West
31-05-2022,Store C,Notebook,170,3.49,593.3,Midwest
02-02-2022,Store B,Toothpaste,18,2.49,44.82,West
14-12-2021,Store B,Milk,158,2.29,361.82,West
01-07-2022,Store A,Jeans,169,39.99,6758.31,North
08-04-2022,Store D,T-Shirt,183,15.99,2926.17,South
18-02-2022,Store B,Milk,96,2.29,219.84,West
09-07-2024,Store C,Toothpaste,147,2.49,366.03,Midwest
15-04-2021,Store D,Shampoo,175,5.99,1048.25,South
23-03-2023,Store C,Shampoo,167,5.99,1000.33,Midwest
25-02-2022,Store C,Bread,62,1.99,123.38,Midwest
29-09-2021,Store C,Toothpaste,19,2.49,47.31,Midwest
30-09-2024,Store B,T-Shirt,172,15.99,2750.28,West
23-09-2023,Store B,T-Shirt,120,15.99,1918.8,West
10-03-2021,Store D,Jeans,61,39.99,2439.39,South
20-04-2021,Store A,Bread,112,1.99,222.88,North
06-05-2022,Store A,Milk,49,2.29,112.21,North
03-09-2024,Store C,Jeans,76,39.99,3039.24,Midwest
08-11-2022,Store C,Shampoo,33,5.99,197.67,Midwest
07-07-2021,Store A,Milk,24,2.29,54.96,North
06-07-2022,Store B,Bread,111,1.99,220.89,West
11-01-2022,Store D,Milk,90,2.29,206.1,South
13-09-2022,Store A,Toothpaste,118,2.49,293.82,North
09-07-2021,Store C,Bread,54,1.99,107.46,Midwest
26-08-2024,Store A,T-Shirt,62,15.99,991.38,North
07-06-2022,Store A,Bread,101,1.99,200.99,North
19-07-2022,Store C,Notebook,125,3.49,436.25,Midwest
28-11-2024,Store D,Milk,193,2.29,441.97,South
10-11-2024,Store D,Shampoo,142,5.99,850.58,South
19-11-2024,Store B,Shampoo,151,5.99,904.49,West
07-10-2024,Store D,Bread,44,1.99,87.56,South
18-11-2024,Store C,Milk,62,2.29,141.98,Midwest
21-09-2024,Store C,Bread,48,1.99,95.52,Midwest
28-09-2022,Store D,Toothpaste,68,2.49,169.32,South
13-08-2024,Store C,Toothpaste,14,2.49,34.86,Midwest
09-09-2022,Store C,Notebook,114,3.49,397.86,Midwest
26-05-2021,Store C,Toothpaste,127,2.49,316.23,Midwest
24-02-2022,Store A,Jeans,82,39.99,3279.18,North
31-05-2023,Store A,Bread,157,1.99,312.43,North
07-04-2023,Store C,Milk,22,2.29,50.38,Midwest
17-02-2021,Store C,Toothpaste,102,2.49,253.98,Midwest
23-07-2024,Store C,T-Shirt,80,15.99,1279.2,Midwest
20-05-2023,Store D,Toothpaste,47,2.49,117.03,South
24-06-2021,Store A,T-Shirt,140,15.99,2238.6,North
15-08-2024,Store D,Shampoo,163,5.99,976.37,South
06-10-2023,Store B,Milk,49,2.29,112.21,West
11-05-2021,Store A,Milk,163,2.29,373.27,North
22-09-2024,Store A,T-Shirt,94,15.99,1503.06,North
17-12-2021,Store C,Toothpaste,97,2.49,241.53,Midwest
29-12-2023,Store B,Bread,83,1.99,165.17,West
15-10-2021,Store D,Jeans,37,39.99,1479.63,South
01-08-2023,Store D,Shampoo,146,5.99,874.54,South
01-10-2024,Store C,Bread,20,1.99,39.8,Midwest
30-08-2021,Store D,Bread,171,1.99,340.29,South
23-02-2023,Store D,Bread,165,1.99,328.35,South
29-01-2022,Store A,Toothpaste,16,2.49,39.84,North
01-08-2022,Store B,Jeans,101,39.99,4038.99,West
19-07-2021,Store C,Jeans,89,39.99,3559.11,Midwest
01-02-2022,Store B,Toothpaste,130,2.49,323.7,West
08-09-2022,Store A,Shampoo,137,5.99,820.63,North
13-05-2022,Store A,Milk,189,2.29,432.81,North
10-02-2021,Store D,Shampoo,173,5.99,1036.27,South
05-01-2022,Store A,Jeans,43,39.99,1719.57,North
04-11-2021,Store C,Milk,178,2.29,407.62,Midwest
01-08-2021,Store D,Toothpaste,77,2.49,191.73,South
18-02-2021,Store C,T-Shirt,59,15.99,943.41,Midwest
21-09-2021,Store C,Milk,141,2.29,322.89,Midwest
20-01-2021,Store D,Shampoo,166,5.99,994.34,South
15-07-2022,Store C,Jeans,92,39.99,3679.08,Midwest
03-03-2022,Store B,T-Shirt,102,15.99,1630.98,West
04-07-2021,Store A,Notebook,117,3.49,408.33,North
24-03-2024,Store D,Toothpaste,199,2.49,495.51,South
25-08-2023,Store A,Toothpaste,187,2.49,465.63,North
25-11-2023,Store C,T-Shirt,163,15.99,2606.37,Midwest
12-01-2022,Store A,Bread,148,1.99,294.52,North
18-07-2024,Store D,Jeans,56,39.99,2239.44,South
24-01-2021,Store B,Toothpaste,178,2.49,443.22,West
13-09-2022,Store C,Toothpaste,56,2.49,139.44,Midwest
29-10-2022,Store C,Jeans,23,39.99,919.77,Midwest
08-08-2023,Store D,Shampoo,44,5.99,263.56,South
10-05-2024,Store A,Notebook,162,3.49,565.38,North
18-05-2021,Store A,Milk,95,2.29,217.55,North
17-07-2024,Store C,Toothpaste,40,2.49,99.6,Midwest
26-10-2022,Store B,Milk,109,2.29,249.61,West
28-01-2022,Store D,Jeans,156,39.99,6238.44,South
16-04-2024,Store B,Milk,119,2.29,272.51,West
14-09-2021,Store C,Jeans,99,39.99,3959.01,Midwest
19-09-2024,Store C,Shampoo,32,5.99,191.68,Midwest
20-10-2024,Store D,Shampoo,72,5.99,431.28,South
07-09-2023,Store B,Bread,64,1.99,127.36,West
24-12-2021,Store B,Notebook,122,3.49,425.78,West
08-02-2022,Store B,Milk,137,2.29,313.73,West
12-05-2021,Store C,Shampoo,164,5.99,982.36,Midwest
07-01-2024,Store D,Notebook,44,3.49,153.56,South
30-05-2022,Store B,Milk,109,2.29,249.61,West
23-07-2023,Store A,Bread,57,1.99,113.43,North
13-03-2024,Store D,Shampoo,48,5.99,287.52,South
01-03-2022,Store B,Bread,166,1.99,330.34,West
28-03-2022,Store C,Toothpaste,173,2.49,430.77,Midwest
22-09-2023,Store D,Milk,46,2.29,105.34,South
11-11-2023,Store C,Notebook,191,3.49,666.59,Midwest
12-11-2021,Store B,Milk,153,2.29,350.37,West
10-05-2021,Store A,Bread,164,1.99,326.36,North
31-08-2021,Store B,Notebook,63,3.49,219.87,West
28-03-2023,Store C,T-Shirt,50,15.99,799.5,Midwest
27-10-2022,Store C,T-Shirt,35,15.99,559.65,Midwest
25-05-2021,Store C,Toothpaste,161,2.49,400.89,Midwest
22-10-2021,Store C,Shampoo,191,5.99,1144.09,Midwest
12-09-2023,Store C,Toothpaste,147,2.49,366.03,Midwest
04-11-2024,Store D,T-Shirt,43,15.99,687.57,South
23-06-2022,Store A,T-Shirt,123,15.99,1966.77,North
06-10-2023,Store A,Jeans,102,39.99,4078.98,North
09-09-2021,Store D,T-Shirt,62,15.99,991.38,South
15-02-2021,Store C,Toothpaste,76,2.49,189.24,Midwest
06-09-2022,Store D,Milk,17,2.29,38.93,South
03-11-2023,Store A,Milk,21,2.29,48.09,North
15-11-2024,Store D,T-Shirt,161,15.99,2574.39,South
26-07-2022,Store C,Jeans,141,39.99,5638.59,Midwest
22-02-2021,Store C,Jeans,35,39.99,1399.65,Midwest
07-07-2023,Store D,Toothpaste,181,2.49,450.69,South
04-01-2024,Store A,Toothpaste,178,2.49,443.22,North
11-03-2021,Store A,Jeans,39,39.99,1559.61,North
19-07-2023,Store C,Shampoo,26,5.99,155.74,Midwest
15-02-2023,Store D,Bread,48,1.99,95.52,South
13-09-2021,Store D,Shampoo,134,5.99,802.66,South
29-07-2021,Store A,Milk,33,2.29,75.57,North
05-07-2021,Store C,Toothpaste,179,2.49,445.71,Midwest
10-08-2022,Store C,Jeans,23,39.99,919.77,Midwest
28-09-2024,Store D,T-Shirt,15,15.99,239.85,South
28-04-2022,Store C,Milk,139,2.29,318.31,Midwest
06-12-2023,Store B,Shampoo,186,5.99,1114.14,West
21-02-2024,Store A,Toothpaste,11,2.49,27.39,North
28-11-2022,Store D,Shampoo,39,5.99,233.61,South
12-01-2024,Store D,Toothpaste,93,2.49,231.57,South
25-02-2021,Store C,T-Shirt,159,15.99,2542.41,Midwest
25-01-2024,Store B,T-Shirt,111,15.99,1774.89,West
12-03-2023,Store C,Shampoo,131,5.99,784.69,Midwest
12-02-2024,Store A,Toothpaste,71,2.49,176.79,North
08-04-2024,Store A,Bread,27,1.99,53.73,North
09-06-2024,Store C,T-Shirt,190,15.99,3038.1,Midwest
22-05-2022,Store B,Jeans,117,39.99,4678.83,West
25-02-2023,Store C,Toothpaste,67,2.49,166.83,Midwest
08-05-2022,Store D,Bread,129,1.99,256.71,South
19-08-2022,Store A,T-Shirt,180,15.99,2878.2,North
07-08-2023,Store C,Shampoo,141,5.99,844.59,Midwest
13-07-2021,Store A,Bread,13,1.99,25.87,North
21-12-2021,Store C,Notebook,35,3.49,122.15,Midwest
01-12-2021,Store C,Toothpaste,105,2.49,261.45,Midwest
31-05-2024,Store B,Milk,122,2.29,279.38,West
30-12-2022,Store B,Shampoo,126,5.99,754.74,West
29-06-2022,Store C,Bread,147,1.99,292.53,Midwest
31-03-2024,Store C,Toothpaste,104,2.49,258.96,Midwest
11-05-2022,Store A,Bread,63,1.99,125.37,North
10-10-2024,Store B,Milk,179,2.29,409.91,West
07-11-2023,Store D,Toothpaste,65,2.49,161.85,South
01-07-2023,Store D,Bread,103,1.99,204.97,South
25-09-2021,Store D,Milk,119,2.29,272.51,South
21-08-2024,Store A,Shampoo,62,5.99,371.38,North
09-02-2024,Store B,Toothpaste,196,2.49,488.04,West
10-07-2023,Store A,Bread,12,1.99,23.88,North
08-01-2023,Store D,Notebook,191,3.49,666.59,South
29-11-2021,Store D,Notebook,113,3.49,394.37,South
03-02-2021,Store C,Notebook,127,3.49,443.23,Midwest
25-04-2022,Store B,Milk,137,2.29,313.73,West
07-08-2023,Store B,T-Shirt,30,15.99,479.7,West
04-06-2022,Store B,T-Shirt,163,15.99,2606.37,West
25-01-2021,Store A,T-Shirt,93,15.99,1487.07,North
09-04-2024,Store B,Toothpaste,98,2.49,244.02,West
18-02-2021,Store A,Toothpaste,143,2.49,356.07,North
27-01-2023,Store D,Toothpaste,158,2.49,393.42,South
19-04-2023,Store B,Milk,194,2.29,444.26,West
10-05-2021,Store C,T-Shirt,54,15.99,863.46,Midwest
16-07-2024,Store B,Milk,30,2.29,68.7,West
03-07-2021,Store D,Shampoo,16,5.99,95.84,South
19-08-2021,Store C,T-Shirt,79,15.99,1263.21,Midwest
11-02-2021,Store D,Milk,14,2.29,32.06,South
04-11-2023,Store D,Notebook,29,3.49,101.21,South
15-11-2024,Store D,Jeans,78,39.99,3119.22,South
23-01-2022,Store C,Jeans,94,39.99,3759.06,Midwest
27-06-2024,Store B,T-Shirt,58,15.99,927.42,West
27-12-2023,Store A,Notebook,54,3.49,188.46,North
17-07-2021,Store C,Bread,40,1.99,79.6,Midwest
26-04-2021,Store A,Milk,63,2.29,144.27,North
07-12-2023,Store C,Toothpaste,128,2.49,318.72,Midwest
08-02-2022,Store A,T-Shirt,187,15.99,2990.13,North
10-08-2023,Store B,T-Shirt,83,15.99,1327.17,West
27-08-2024,Store C,Toothpaste,140,2.49,348.6,Midwest
18-11-2022,Store B,Shampoo,171,5.99,1024.29,West
25-04-2022,Store B,Notebook,14,3.49,48.86,West
11-08-2024,Store B,T-Shirt,192,15.99,3070.08,West
15-04-2024,Store A,Toothpaste,88,2.49,219.12,North
23-07-2024,Store A,Jeans,123,39.99,4918.77,North
13-04-2023,Store D,Milk,139,2.29,318.31,South
22-12-2022,Store C,Shampoo,188,5.99,1126.12,Midwest
02-06-2022,Store A,Shampoo,12,5.99,71.88,North
15-04-2022,Store A,Shampoo,138,5.99,826.62,North
03-10-2021,Store B,Shampoo,200,5.99,1198,West
31-10-2023,Store D,Milk,135,2.29,309.15,South
21-01-2021,Store B,T-Shirt,32,15.99,511.68,West
26-03-2022,Store A,Milk,115,2.29,263.35,North
08-08-2024,Store D,T-Shirt,84,15.99,1343.16,South
18-06-2022,Store A,Shampoo,198,5.99,1186.02,North
30-10-2024,Store A,T-Shirt,189,15.99,3022.11,North
29-07-2023,Store B,Milk,58,2.29,132.82,West
07-01-2022,Store C,Shampoo,97,5.99,581.03,Midwest
25-06-2022,Store A,Shampoo,151,5.99,904.49,North
22-06-2024,Store A,Notebook,52,3.49,181.48,North
07-12-2022,Store D,Milk,99,2.29,226.71,South
03-03-2023,Store B,Bread,11,1.99,21.89,West
10-03-2022,Store A,Milk,14,2.29,32.06,North
26-10-2024,Store C,Shampoo,80,5.99,479.2,Midwest
09-02-2024,Store A,Notebook,67,3.49,233.83,North
19-08-2024,Store C,Jeans,27,39.99,1079.73,Midwest
26-09-2022,Store C,Shampoo,32,5.99,191.68,Midwest
02-11-2023,Store D,Bread,190,1.99,378.1,South
05-07-2023,Store C,T-Shirt,52,15.99,831.48,Midwest
26-05-2021,Store A,Jeans,186,39.99,7438.14,North
07-07-2023,Store B,T-Shirt,105,15.99,1678.95,West
23-12-2023,Store D,Jeans,121,39.99,4838.79,South
29-11-2024,Store A,Jeans,135,39.99,5398.65,North
26-03-2023,Store B,Shampoo,122,5.99,730.78,West
13-10-2023,Store A,T-Shirt,169,15.99,2702.31,North
21-12-2023,Store B,Jeans,199,39.99,7958.01,West
06-05-2024,Store C,Jeans,39,39.99,1559.61,Midwest
11-08-2024,Store D,Bread,137,1.99,272.63,South
12-03-2022,Store B,Bread,116,1.99,230.84,West
13-01-2022,Store D,Jeans,61,39.99,2439.39,South
30-10-2021,Store A,Notebook,187,3.49,652.63,North
26-03-2021,Store C,Toothpaste,38,2.49,94.62,Midwest
03-04-2024,Store A,T-Shirt,15,15.99,239.85,North
15-08-2024,Store A,Milk,48,2.29,109.92,North
14-01-2021,Store A,Milk,63,2.29,144.27,North
30-05-2022,Store B,T-Shirt,14,15.99,223.86,West
10-08-2023,Store C,Notebook,82,3.49,286.18,Midwest
29-11-2024,Store C,Shampoo,41,5.99,245.59,Midwest
28-10-2022,Store B,Toothpaste,17,2.49,42.33,West
07-03-2023,Store D,T-Shirt,30,15.99,479.7,South
08-12-2023,Store D,Notebook,89,3.49,310.61,South
09-08-2021,Store B,Notebook,54,3.49,188.46,West
08-04-2021,Store B,Bread,30,1.99,59.7,West
30-09-2021,Store C,T-Shirt,106,15.99,1694.94,Midwest
13-03-2022,Store A,Notebook,63,3.49,219.87,North
26-07-2021,Store D,Shampoo,12,5.99,71.88,South
13-09-2024,Store A,Bread,46,1.99,91.54,North
13-04-2023,Store C,Bread,101,1.99,200.99,Midwest
04-08-2023,Store A,Shampoo,183,5.99,1096.17,North
24-09-2024,Store A,Milk,47,2.29,107.63,North
15-05-2022,Store C,Toothpaste,175,2.49,435.75,Midwest
31-03-2024,Store C,Notebook,152,3.49,530.48,Midwest
04-10-2021,Store C,Jeans,94,39.99,3759.06,Midwest
24-11-2022,Store C,T-Shirt,15,15.99,239.85,Midwest
18-07-2022,Store A,Bread,139,1.99,276.61,North
20-06-2023,Store C,Bread,74,1.99,147.26,Midwest
10-06-2023,Store A,Jeans,65,39.99,2599.35,North
23-07-2021,Store B,Notebook,131,3.49,457.19,West
24-07-2023,Store B,Toothpaste,156,2.49,388.44,West
05-11-2021,Store B,Bread,84,1.99,167.16,West
14-09-2022,Store D,Jeans,85,39.99,3399.15,South
04-05-2021,Store C,Jeans,17,39.99,679.83,Midwest
16-09-2023,Store D,Toothpaste,122,2.49,303.78,South
28-01-2021,Store B,Milk,30,2.29,68.7,West
09-04-2022,Store C,Jeans,143,39.99,5718.57,Midwest
21-03-2024,Store A,Toothpaste,85,2.49,211.65,North
05-04-2021,Store B,Bread,97,1.99,193.03,West
29-05-2024,Store B,Milk,132,2.29,302.28,West
18-09-2021,Store A,T-Shirt,24,15.99,383.76,North
19-05-2021,Store A,Toothpaste,59,2.49,146.91,North
01-03-2021,Store D,Jeans,23,39.99,919.77,South
24-08-2023,Store A,Bread,41,1.99,81.59,North
27-04-2024,Store D,Toothpaste,150,2.49,373.5,South
12-04-2024,Store B,Notebook,132,3.49,460.68,West
18-05-2024,Store C,Notebook,158,3.49,551.42,Midwest
07-11-2022,Store D,Shampoo,155,5.99,928.45,South
07-03-2024,Store C,T-Shirt,23,15.99,367.77,Midwest
11-03-2021,Store C,Jeans,97,39.99,3879.03,Midwest
31-03-2023,Store D,Notebook,20,3.49,69.8,South
30-04-2022,Store C,T-Shirt,136,15.99,2174.64,Midwest
08-11-2023,Store B,Milk,61,2.29,139.69,West
20-06-2021,Store A,Milk,114,2.29,261.06,North
28-11-2022,Store B,Notebook,187,3.49,652.63,West
05-01-2021,Store D,Toothpaste,100,2.49,249,South
17-02-2023,Store B,Toothpaste,154,2.49,383.46,West
28-09-2022,Store B,Shampoo,134,5.99,802.66,West
28-01-2024,Store C,Shampoo,70,5.99,419.3,Midwest
26-06-2024,Store B,Shampoo,81,5.99,485.19,West
15-02-2022,Store A,Shampoo,148,5.99,886.52,North
12-09-2022,Store B,Shampoo,40,5.99,239.6,West
28-06-2021,Store B,Shampoo,159,5.99,952.41,West
08-04-2022,Store D,Jeans,130,39.99,5198.7,South
15-08-2023,Store C,Notebook,150,3.49,523.5,Midwest
03-01-2024,Store B,Toothpaste,79,2.49,196.71,West
22-12-2021,Store C,Notebook,85,3.49,296.65,Midwest
05-09-2024,Store A,Bread,76,1.99,151.24,North
19-04-2022,Store B,T-Shirt,141,15.99,2254.59,West
18-11-2022,Store A,Notebook,131,3.49,457.19,North
02-06-2024,Store B,Notebook,12,3.49,41.88,West
07-10-2024,Store D,Toothpaste,10,2.49,24.9,South
14-11-2023,Store A,T-Shirt,122,15.99,1950.78,North
14-05-2023,Store D,Milk,143,2.29,327.47,South
01-05-2022,Store A,Toothpaste,68,2.49,169.32,North
23-04-2024,Store A,Bread,188,1.99,374.12,North
27-07-2023,Store B,Toothpaste,44,2.49,109.56,West
08-10-2022,Store D,Notebook,139,3.49,485.11,South
31-05-2022,Store C,Toothpaste,130,2.49,323.7,Midwest
12-04-2021,Store C,Notebook,129,3.49,450.21,Midwest
02-12-2021,Store B,Toothpaste,172,2.49,428.28,West
01-05-2023,Store D,Bread,47,1.99,93.53,South
21-08-2023,Store C,Milk,80,2.29,183.2,Midwest
21-12-2022,Store B,Milk,76,2.29,174.04,West
02-01-2021,Store B,Jeans,160,39.99,6398.4,West
25-10-2021,Store A,T-Shirt,145,15.99,2318.55,North
17-04-2024,Store D,T-Shirt,64,15.99,1023.36,South
05-02-2023,Store D,Jeans,23,39.99,919.77,South
19-03-2023,Store D,Notebook,72,3.49,251.28,South
27-11-2022,Store D,Notebook,53,3.49,184.97,South
19-02-2021,Store B,T-Shirt,125,15.99,1998.75,West
03-09-2023,Store D,Bread,106,1.99,210.94,South
24-06-2021,Store C,Milk,176,2.29,403.04,Midwest
16-07-2022,Store A,T-Shirt,48,15.99,767.52,North
12-09-2023,Store A,Notebook,130,3.49,453.7,North
31-12-2023,Store D,T-Shirt,135,15.99,2158.65,South
08-09-2021,Store D,Notebook,171,3.49,596.79,South
03-07-2024,Store B,Shampoo,81,5.99,485.19,West
29-04-2022,Store A,Jeans,70,39.99,2799.3,North
18-12-2022,Store B,Notebook,41,3.49,143.09,West
18-08-2024,Store C,Shampoo,88,5.99,527.12,Midwest
12-08-2021,Store A,Shampoo,122,5.99,730.78,North
15-12-2023,Store C,Toothpaste,121,2.49,301.29,Midwest
22-05-2022,Store A,Toothpaste,15,2.49,37.35,North
12-10-2022,Store B,Jeans,146,39.99,5838.54,West
11-09-2023,Store C,T-Shirt,32,15.99,511.68,Midwest
03-10-2023,Store C,Notebook,162,3.49,565.38,Midwest
21-06-2024,Store D,Milk,95,2.29,217.55,South
11-02-2022,Store D,Toothpaste,69,2.49,171.81,South
01-01-2021,Store A,Jeans,96,39.99,3839.04,North
02-12-2023,Store D,Bread,160,1.99,318.4,South
19-10-2023,Store D,Shampoo,99,5.99,593.01,South
10-03-2023,Store D,Shampoo,138,5.99,826.62,South
21-06-2023,Store D,Shampoo,24,5.99,143.76,South
06-05-2021,Store A,Notebook,13,3.49,45.37,North
21-09-2024,Store D,Milk,107,2.29,245.03,South
28-12-2024,Store C,T-Shirt,98,15.99,1567.02,Midwest
21-03-2021,Store C,Shampoo,158,5.99,946.42,Midwest
19-01-2022,Store C,Bread,82,1.99,163.18,Midwest
27-07-2024,Store D,T-Shirt,13,15.99,207.87,South
26-06-2021,Store C,Toothpaste,173,2.49,430.77,Midwest
17-10-2022,Store D,Milk,17,2.29,38.93,South
18-07-2024,Store A,Notebook,126,3.49,439.74,North
09-11-2022,Store A,Jeans,114,39.99,4558.86,North
15-02-2023,Store B,Milk,75,2.29,171.75,West
24-12-2023,Store B,Milk,14,2.29,32.06,West
24-02-2021,Store A,T-Shirt,25,15.99,399.75,North
10-01-2024,Store A,Notebook,55,3.49,191.95,North
26-03-2022,Store A,Toothpaste,168,2.49,418.32,North
12-05-2024,Store D,Toothpaste,138,2.49,343.62,South
07-11-2023,Store B,Toothpaste,138,2.49,343.62,West
28-10-2021,Store C,Bread,107,1.99,212.93,Midwest
01-12-2023,Store B,Shampoo,193,5.99,1156.07,West
17-09-2021,Store D,Toothpaste,30,2.49,74.7,South
27-08-2023,Store B,Shampoo,147,5.99,880.53,West
08-10-2022,Store B,Milk,141,2.29,322.89,West
11-05-2022,Store B,Notebook,81,3.49,282.69,West
13-03-2021,Store D,Jeans,58,39.99,2319.42,South
28-01-2023,Store B,Toothpaste,195,2.49,485.55,West
27-12-2022,Store A,Bread,154,1.99,306.46,North
30-10-2022,Store C,T-Shirt,151,15.99,2414.49,Midwest
14-08-2021,Store B,Jeans,67,39.99,2679.33,West
18-09-2022,Store A,Bread,115,1.99,228.85,North
09-09-2023,Store C,Jeans,196,39.99,7838.04,Midwest
21-03-2021,Store C,Shampoo,139,5.99,832.61,Midwest
19-08-2023,Store A,Milk,136,2.29,311.44,North
25-02-2022,Store D,Jeans,134,39.99,5358.66,South
20-07-2021,Store D,Shampoo,194,5.99,1162.06,South
15-01-2022,Store D,Toothpaste,53,2.49,131.97,South
06-11-2022,Store D,Jeans,193,39.99,7718.07,South
31-08-2023,Store C,Notebook,28,3.49,97.72,Midwest
25-02-2022,Store C,T-Shirt,57,15.99,911.43,Midwest
27-02-2022,Store D,Toothpaste,85,2.49,211.65,South
27-12-2021,Store C,Milk,136,2.29,311.44,Midwest
23-04-2023,Store A,Shampoo,61,5.99,365.39,North
18-09-2021,Store D,Toothpaste,155,2.49,385.95,South
16-12-2021,Store D,Jeans,187,39.99,7478.13,South
25-09-2023,Store A,Shampoo,32,5.99,191.68,North
02-05-2024,Store C,Bread,32,1.99,63.68,Midwest
19-01-2024,Store A,Notebook,110,3.49,383.9,North
28-09-2021,Store C,Milk,133,2.29,304.57,Midwest
18-12-2023,Store C,Bread,151,1.99,300.49,Midwest
31-10-2023,Store A,Notebook,197,3.49,687.53,North
03-11-2021,Store B,Bread,27,1.99,53.73,West
30-07-2022,Store B,Notebook,45,3.49,157.05,West
24-07-2021,Store C,Milk,33,2.29,75.57,Midwest
25-06-2021,Store D,Shampoo,113,5.99,676.87,South
13-04-2023,Store C,T-Shirt,140,15.99,2238.6,Midwest
15-11-2024,Store D,Toothpaste,82,2.49,204.18,South
21-02-2023,Store A,T-Shirt,108,15.99,1726.92,North
12-01-2024,Store A,Notebook,18,3.49,62.82,North
04-12-2021,Store C,Toothpaste,102,2.49,253.98,Midwest
10-11-2024,Store A,T-Shirt,110,15.99,1758.9,North
01-10-2021,Store D,Milk,137,2.29,313.73,South
09-03-2024,Store B,Milk,153,2.29,350.37,West
08-08-2021,Store B,Shampoo,109,5.99,652.91,West
16-08-2022,Store B,Shampoo,12,5.99,71.88,West
30-03-2024,Store A,T-Shirt,51,15.99,815.49,North
